Composition,Glass_Forming,Composition_Length,num_elements
Al,False,2,1
Al(NiB)2,True,8,3
Al10Co21B19,True,11,3
Al10Co23B17,True,11,3
Al10Co27B13,True,11,3
Al10Co29B11,False,11,3
Al10Co31B9,False,10,3
Al10Co33B7,False,10,3
Al10Cr3Si7,True,10,3
Al10Fe23B17,True,11,3
Al10Fe27B13,True,11,3
Al10Fe31B9,True,10,3
Al10Fe33B7,True,10,3
Al10Ni23B17,True,11,3
Al10Ni27B13,True,11,3
Al10Ni29B11,True,11,3
Al10Ni31B9,True,10,3
Al10Ni33B7,False,10,3
Al10V3Ge7,False,9,3
Al11(CrSi2)3,True,12,3
Al11(VGe2)3,True,11,3
Al11Cr2Si7,True,10,3
Al11Cr4Si5,False,10,3
Al11Cr5Si4,False,10,3
Al11V2Cu7,True,9,3
Al11V2Ge7,True,9,3
Al11V4Ge5,False,9,3
Al12Co21B17,True,11,3
Al12Co25B13,True,11,3
Al12Co27B11,False,11,3
Al12Cr3Si5,True,10,3
Al12Cr5Si3,False,10,3
Al12CrSi7,False,9,3
Al12Ni25B13,True,11,3
Al12Ni27B11,False,11,3
Al12Ni29B9,False,10,3
Al12Ni31B7,False,10,3
Al12V3Cu5,False,9,3
Al12V3Ge5,True,9,3
Al12VCu7,False,8,3
Al12VGe7,False,8,3
Al13Cr2Si5,True,10,3
Al13Cr3Si4,False,10,3
Al13Cr4Ge3,False,10,3
Al13Cr4Si3,False,10,3
Al13Cr5Si2,False,10,3
Al13Fe3Ni4,False,10,3
Al13Fe4Cu3,True,10,3
Al13Ni6Mo,True,9,3
Al13Si4Ni3,True,10,3
Al13V2Cu5,True,9,3
Al13V2Ge5,True,9,3
Al13V3Cu4,True,9,3
Al13V3Ge4,False,9,3
Al13V4Cu3,False,9,3
Al13VCu6,True,8,3
Al13VGe6,False,8,3
Al14(CrSi)3,False,11,3
Al14(FeNi)3,True,11,3
Al14(Ni7B5)3,False,12,3
Al14(SiNi)3,True,11,3
Al14Cr5Si,False,9,3
Al14CrSi5,False,9,3
Al14Ni25B11,False,11,3
Al14Ni5Mo,True,9,3
Al14VCu5,False,8,3
Al14VGe5,False,8,3
Al15Co2Si3,True,10,3
Al15Cr2Si3,False,10,3
Al15Cr3Si2,False,10,3
Al15Cr4Si,False,9,3
Al15CrSi4,False,9,3
Al15Ni3Mo2,True,10,3
Al15Ni4Mo,True,9,3
Al15V2Cu3,True,9,3
Al15V2Ge3,False,9,3
Al15V3Cu2,False,9,3
Al15VCu4,True,8,3
Al16CrSi3,False,9,3
Al16Ni3Mo,True,9,3
Al16V3Cu,False,8,3
Al16VCu3,True,8,3
Al17Co2Ni,False,9,3
Al17CoNi2,False,9,3
Al17Cr2Si,False,9,3
Al17Cr3,False,7,2
Al17CrSi2,False,9,3
Al17FeNi2,False,9,3
Al17Ni2Mo,True,9,3
Al17V2Cu,True,8,3
Al18CoNi,False,8,3
Al18CrSi,False,8,3
Al18FeCu,True,8,3
Al18FeNi,False,8,3
Al19Cr5Ge26,True,11,3
Al2(Co11B5)3,True,12,3
Al2(Co13B3)3,True,12,3
Al2(Fe13B3)3,True,12,3
Al2(Ni11B5)3,True,12,3
Al2(Ni13B3)3,True,12,3
Al2(Ni9B7)3,True,11,3
Al21(CoNi)2,False,11,3
Al21(FeNi)2,True,11,3
Al21Co5Ge24,True,11,3
Al21Cr4,False,7,2
Al21Fe5Ge24,True,11,3
Al21FeCo3,False,9,3
Al21FeNi3,False,9,3
Al22Co2Ni,False,9,3
Al22Co3,False,7,2
Al22CoNi2,True,9,3
Al22Cr3,False,7,2
Al22Fe2Co,False,9,3
Al22Fe2Ni,False,9,3
Al22Fe3,False,7,2
Al22FeCo2,False,9,3
Al22FeNi2,False,9,3
Al22Ni3,False,7,2
Al23Co2,False,7,2
Al23CoNi,False,8,3
Al23Cr2,False,7,2
Al23Fe2,False,7,2
Al23FeCo,False,8,3
Al23FeNi,False,8,3
Al23Ni2,False,7,2
Al24Co,False,6,2
Al24Cr,False,6,2
Al24Fe,False,6,2
Al24Ni,False,6,2
Al26Cr5Si19,True,11,3
Al26V5Ge19,True,10,3
Al27Mo23,True,8,2
Al29Cr10Si11,False,12,3
Al2Co31B17,True,10,3
Al2Co35B13,True,10,3
Al2Co37B11,True,10,3
Al2Co41B7,False,9,3
Al2Co43B5,False,9,3
Al2Co5B3,True,8,3
Al2Co7B,False,7,3
Al2Cu3,False,6,2
Al2Fe37B11,True,10,3
Al2Fe41B7,True,9,3
Al2Fe43B5,False,9,3
Al2Fe5B3,True,8,3
Al2Ni29B19,True,10,3
Al2Ni31B17,True,10,3
Al2Ni35B13,True,10,3
Al2Ni37B11,True,10,3
Al2Ni5B3,True,8,3
Al2VGe,False,6,3
Al30Cr9Si11,False,11,3
Al32Ni5Ge13,True,11,3
Al33Mo17,True,8,2
Al33Si12Ni5,True,11,3
Al34(Si7Mo15)3,True,14,3
Al34Cr5Si11,True,11,3
Al34V5Ge11,True,10,3
Al35Fe7Cu8,False,10,3
Al35Fe7Ni8,True,10,3
Al35Fe8Ni7,True,10,3
Al36(FeNi)7,True,11,3
Al39Co5Ge6,True,10,3
Al39Fe5Ge6,True,10,3
Al3CrSi,False,7,3
Al3Cu,False,5,2
Al3Cu2,False,6,2
Al3Fe80P17,True,10,3
Al3VGe,False,6,3
Al41Fe2Ni7,False,10,3
Al42Fe3Ni5,False,10,3
Al42Fe7Si,False,9,3
Al42FeCo7,False,9,3
Al42FeNi7,False,9,3
Al43Co7,False,7,2
Al43CoNi6,False,9,3
Al43Cr7,False,7,2
Al43Fe2Co5,False,10,3
Al43Fe2Ni5,False,10,3
Al43Fe3Co4,False,10,3
Al43Fe3Ni4,False,10,3
Al43Fe4Co3,False,10,3
Al43Fe4Ni3,False,10,3
Al43Fe5Co2,False,10,3
Al43Fe5Ni2,False,10,3
Al43Fe6Ni,False,9,3
Al43Fe6Si,False,9,3
Al43FeCo6,True,9,3
Al43FeNi6,True,9,3
Al43Ni7,False,7,2
Al44(CoNi)3,False,11,3
Al44(FeCo)3,False,11,3
Al44(FeNi)3,False,11,3
Al44Co5Ni,False,9,3
Al44CoNi5,False,9,3
Al44Cr5Si,False,9,3
Al44Fe5Co,False,9,3
Al44Fe5Ni,False,9,3
Al44Fe5Si,False,9,3
Al44FeCo5,False,9,3
Al44FeNi5,False,9,3
Al45Co2Ni3,False,10,3
Al45Co3Ni2,False,10,3
Al45Co4Ni,False,9,3
Al45CoNi4,False,9,3
Al45Fe2Co3,False,10,3
Al45Fe2Ni3,False,10,3
Al45Fe3Co2,False,10,3
Al45Fe3Ni2,False,10,3
Al45Fe4Co,False,9,3
Al45Fe4Ni,False,9,3
Al45Fe4Si,False,9,3
Al45FeCo4,False,9,3
Al45FeNi4,False,9,3
Al46Co3Ni,False,9,3
Al46CoNi3,False,9,3
Al46Fe3Co,False,9,3
Al46Fe3Ni,False,9,3
Al46FeCo3,False,9,3
Al46FeNi3,False,9,3
Al47Co2Ni,False,9,3
Al47Co3,False,7,2
Al47CoNi2,False,9,3
Al47Cr3,False,7,2
Al47Fe2Co,False,9,3
Al47Fe2Ni,False,9,3
Al47Fe3,False,7,2
Al47FeCo2,False,9,3
Al47FeNi2,False,9,3
Al47Ni3,False,7,2
Al48CoNi,False,8,3
Al48FeCo,False,8,3
Al48FeNi,False,8,3
Al49Co,False,6,2
Al49Co10Si41,True,12,3
Al49Fe,False,6,2
Al49Ni,False,6,2
Al4Co29B17,True,10,3
Al4Co31B15,True,10,3
Al4Co33B13,True,10,3
Al4Co35B11,True,10,3
Al4Co37B9,True,9,3
Al4Co39B7,False,9,3
Al4Co41B5,False,9,3
Al4Cr,False,5,2
Al4Cu,False,5,2
Al4Fe35B11,True,10,3
Al4Fe37B9,True,9,3
Al4Fe39B7,True,9,3
Al4Fe41B5,False,9,3
Al4Ni,False,5,2
Al4Ni25B21,True,10,3
Al4Ni27B19,True,10,3
Al4Ni29B17,True,10,3
Al4Ni31B15,True,10,3
Al4Ni33B13,True,10,3
Al4Ni35B11,True,10,3
Al4Ni37B9,True,9,3
Al52Co23Si25,True,12,3
Al52Fe23Ge25,True,12,3
Al52Fe23Si25,True,12,3
Al52Si25Ni23,True,12,3
Al53Si16Mo31,True,12,3
Al57Co18Ge25,True,12,3
Al57Cr23Si20,False,12,3
Al57Cr28Si15,False,12,3
Al57Fe27Ni16,False,12,3
Al57V18Ge25,True,11,3
Al58Cr17Si25,True,12,3
Al59Cr19Si22,False,12,3
Al59Ni10Ge31,True,12,3
Al5Fe2Cu3,False,9,3
Al5V2Ge3,False,8,3
Al5VCu4,False,7,3
Al5VGe4,False,7,3
Al6(Co3B)11,True,11,3
Al6(Fe3B)11,True,11,3
Al6(Ni3B)11,True,11,3
Al61(Cr7Si6)3,False,13,3
Al61Cr10Ge29,True,12,3
Al62(CrSi)19,False,12,3
Al62.5Fe12.5Cu25,False,16,3
Al62Fe17Cu21,False,12,3
Al62Ni13Ge25,True,12,3
Al63Cr15Si22,False,12,3
Al63Cr19Si18,False,12,3
Al63Fe12Si25,True,12,3
Al63Si6Mo31,True,11,3
Al64Fe13Cu23,False,12,3
Al65(Fe3Ni2)7,False,13,3
Al65Si17.5Ni17.5,True,16,3
Al65Si19Ni16,True,12,3
Al66.5Si18.5Ni15,True,16,3
Al67(Fe7Ni4)3,False,13,3
Al67.5Si17.5Ni15,True,16,3
Al67V13Cu20,True,11,3
Al68Cr15Si17,False,12,3
Al69Co6Ge25,True,11,3
Al69Fe13Cu18,False,12,3
Al69Fe6Ge25,True,11,3
Al69Ni6Ge25,True,11,3
Al69V6Ge25,True,10,3
Al6Co25B19,True,10,3
Al6Co27B17,True,10,3
Al6Co29B15,True,10,3
Al6Co31B13,True,10,3
Al6Co35B9,True,9,3
Al6Co37B7,False,9,3
Al6Co39B5,False,9,3
Al6Co41B3,False,9,3
Al6Co9B10,True,9,3
Al6Cr3Si,False,8,3
Al6CrGe3,True,8,3
Al6CrSi3,True,8,3
Al6Fe37B7,True,9,3
Al6Fe39B5,False,9,3
Al6Fe41B3,False,9,3
Al6Ni27B17,True,10,3
Al6Ni29B15,True,10,3
Al6Ni31B13,True,10,3
Al6Ni35B9,True,9,3
Al6Ni37B7,False,9,3
Al6NiGe3,True,8,3
Al6VCu3,True,7,3
Al6VGe3,True,7,3
Al70Si17Ni13,True,12,3
Al71Co4Si25,True,11,3
Al71Cr4Si25,True,11,3
Al71Fe15Cu14,True,12,3
Al71Si25Ni4,True,11,3
Al72Fe13Ni15,False,12,3
Al73Fe13Cu14,False,12,3
Al75Fe14Ni11,True,12,3
Al77V3Cu20,False,10,3
Al78Fe7Cu15,False,11,3
Al79(FeNi2)7,True,12,3
Al79Si11Ni10,True,12,3
Al7Cr2Si,False,8,3
Al7CrSi2,False,8,3
Al7Cu3,False,6,2
Al7Fe2Ni,True,8,3
Al7Ni18,False,7,2
Al7Ni2Mo,True,8,3
Al7Ni3,False,6,2
Al7VCu2,True,7,3
Al7VGe2,False,7,3
Al8(Co11B3)3,True,12,3
Al8(Co5B)7,True,10,3
Al8(Co9B5)3,True,11,3
Al8(Fe11B3)3,True,12,3
Al8(Fe5B)7,True,10,3
Al8(Ni11B3)3,True,12,3
Al8(Ni5B)7,False,10,3
Al8(Ni9B5)3,True,11,3
Al81Cr19,False,8,2
Al82(Fe5Ni)3,True,12,3
Al83Cr17,False,8,2
Al83Fe3Ni14,False,11,3
Al84Fe3Ni13,False,11,3
Al85(FeNi4)3,False,12,3
Al85(Ni4Mo)3,True,12,3
Al85CoNi14,False,10,3
Al85Fe2Ni13,False,11,3
Al85Fe8Si7,False,10,3
Al85FeNi14,False,10,3
Al86(FeNi)7,False,11,3
Al86.7Fe1Ni12.3,True,15,3
Al86Co3Ni11,False,11,3
Al86Co5Ni9,False,10,3
Al86CoNi13,False,10,3
Al86Fe3Ni11,True,11,3
Al86Fe5Ni9,False,10,3
Al86FeNi13,False,10,3
Al87.5Fe0.5Ni12,True,15,3
Al87.5Fe2Ni10.5,True,15,3
Al87.5Fe3.5Ni9,True,14,3
Al87Co2Ni11,True,11,3
Al87Co3Ni10,False,11,3
Al87Co4Ni9,False,10,3
Al87Co5Ni8,False,10,3
Al87CoNi12,True,10,3
Al87Fe2Co11,True,11,3
Al87Fe2Ni11,True,11,3
Al87Fe3Ni10,True,11,3
Al87Fe4Co9,False,10,3
Al87Fe4Ni9,False,10,3
Al87Fe5Ni8,False,10,3
Al87Fe6Ni7,False,10,3
Al87FeNi12,True,10,3
Al87V5Cu8,False,9,3
Al87V8Cu5,False,9,3
Al88(Co3Ni)3,False,12,3
Al88(CoNi3)3,False,12,3
Al88(FeNi3)3,True,12,3
Al88.5Fe3Ni8.5,True,14,3
Al88Co11Ni,False,10,3
Al88Co5Ni7,True,10,3
Al88Co7Ni5,False,10,3
Al88CoNi11,False,10,3
Al88Fe5Ni7,False,10,3
Al88FeNi11,True,10,3
Al89Co2Ni9,False,10,3
Al89Co3Ni8,False,10,3
Al89Co4Ni7,False,10,3
Al89Co5Ni6,False,10,3
Al89Co6Ni5,False,10,3
Al89CoNi10,False,10,3
Al89Fe2Ni9,False,10,3
Al89Fe3Ni8,False,10,3
Al89Fe4Ni7,False,10,3
Al89Fe5Ni6,False,10,3
Al89Fe6Ni5,False,10,3
Al89Fe7Ni4,False,10,3
Al89Fe9Ni2,False,10,3
Al89FeNi10,False,10,3
Al8Co25B17,True,10,3
Al8Co29B13,True,10,3
Al8Co31B11,True,10,3
Al8Co37B5,False,9,3
Al8CrSi,False,7,3
Al8Fe29B13,True,10,3
Al8Fe31B11,True,10,3
Al8Fe37B5,False,9,3
Al8Ni23B19,True,10,3
Al8Ni25B17,True,10,3
Al8Ni29B13,True,10,3
Al8Ni31B11,True,10,3
Al8VCu,True,6,3
Al90FeNi9,False,9,3
Al91(Fe2Ni)3,False,12,3
Al91(FeNi2)3,False,12,3
Al91Co2Ni7,False,10,3
Al91CoNi8,False,9,3
Al91Fe2Ni7,False,10,3
Al91FeNi8,False,9,3
Al92Fe5Ni3,False,10,3
Al9Co,False,5,2
Al9Cr,False,5,2
Al9Cr3Si8,False,9,3
Al9Cr4Si7,False,9,3
Al9Fe,False,5,2
Al9Ni,False,5,2
Al9V3Ge8,False,8,3
AlCu,False,4,2
AlFe17Si2,True,9,3
B12Mo23Ru15,True,11,3
B15(Mo3Ru2)17,True,13,3
B3Mo17,False,6,2
B3Mo7,False,5,2
B5(Mo3Rh7)2,True,11,3
B8Mo55.5Ru36.5,True,14,3
BMo3,False,4,2
BMo4,False,4,2
BMo8P,True,5,3
BMo9,False,4,2
Ba10La53.5Cu36.5,True,16,3
Ba10La56.5Cu33.5,True,16,3
Ba2(La9Cu7)3,True,12,3
Ba2La11Cu7,True,10,3
Ba2La13Cu10,True,11,3
Ba2La59Cu39,True,11,3
Ba2La71Cu27,True,11,3
Ba3La56Cu41,True,11,3
Ba3La57Cu40,True,11,3
Ba4(La23Cu9)3,True,13,3
Ba4.5La68Cu27.5,True,15,3
Ba4La31Cu15,True,11,3
Ba5La29Cu16,True,11,3
Ba5La53Cu42,True,11,3
Ba67La28Cu5,True,11,3
Ba7.5La63.5Cu29,True,15,3
Ba7La51.5Cu41.5,True,15,3
Ba7La65Cu28,True,11,3
Ba9(La4Cu3)13,True,13,3
Ba9.5La52.5Cu38,True,15,3
Ba9La60Cu31,True,11,3
BaLa61Cu38,True,10,3
Be2Fe7B,True,7,3
Ca(La5Cu2)7,True,11,3
Ca1.25Al88.75Ni10,False,17,3
Ca1.5La71Cu27.5,True,15,3
Ca10Al87.5Fe2.5,False,15,3
Ca10Al87.5Ni2.5,False,15,3
Ca11Al89,True,8,2
Ca11Mg89,False,8,2
Ca12Mg7Ga,True,9,3
Ca14(MgAl)3,True,11,3
Ca15Mg3Cu2,True,10,3
Ca1La61.5Cu37.5,True,15,3
Ca1La71.5Cu27.5,True,15,3
Ca2.5Al87.5Ni10,False,15,3
Ca2.5Al92.5Fe5,False,14,3
Ca2.5Al92.5Ni5,False,14,3
Ca2Al17Co,True,9,3
Ca2Al17Cu,True,9,3
Ca2Al17Fe,True,9,3
Ca2Al17Ni,True,9,3
Ca2Al17Zn,True,9,3
Ca2La60.5Cu37.5,True,15,3
Ca2Mg17Zn,True,9,3
Ca2MgAl17,True,9,3
Ca3Al2,True,6,2
Ca3AlGa,True,7,3
Ca3La59.5Cu37.5,True,15,3
Ca3La68.5Cu28.5,True,15,3
Ca3Mg2,True,6,2
Ca3MgGa,True,7,3
Ca4La58.5Cu37.5,True,15,3
Ca4La67Cu29,True,11,3
Ca5(Mg3Cu2)3,True,12,3
Ca5La57.5Cu37.5,True,15,3
Ca5Mg3Cu2,True,9,3
Ca6.5La56.5Cu37,True,15,3
Ca6Al3Ga,True,8,3
Ca6AlGa3,True,8,3
Ca6La63Cu31,True,11,3
Ca6Mg3Ga,True,8,3
Ca6MgGa3,True,8,3
Ca7.5Al87.5Fe5,True,14,3
Ca7.5Al87.5Ni5,True,14,3
Ca7.5Al90Fe2.5,True,14,3
Ca7.5Al90Ni2.5,True,14,3
Ca7.5Al92.5,False,11,2
Ca7.5La56.5Cu36,True,15,3
Ca7.5Mg82.5Cu10,True,15,3
Ca7.5Mg82.5Zn10,False,15,3
Ca7.5Mg87.5Cu5,True,14,3
Ca7.5Mg87.5Zn5,False,14,3
Ca7.5Mg92.5,False,11,2
Ca70Mg7.5Al22.5,True,15,3
Ca7Al3,True,6,2
Ca7Cu3,True,6,2
Ca7La61Cu32,True,11,3
Ca7Mg2Cu,True,8,3
Ca7Mg3,True,6,2
Ca7MgCu2,True,8,3
Ca8.5La56.5Cu35,True,15,3
Ca8.5La58.5Cu33,True,15,3
Ca8La59.5Cu32.5,True,15,3
Ca9Al91,True,7,2
Ca9La57.5Cu33.5,True,15,3
CaAl17Ni2,False,9,3
CaAl18Fe,False,8,3
CaAl18Ni,False,8,3
CaAl8Ni,False,7,3
CaAl9,True,5,2
CaLa13Cu6,True,9,3
CaMg17Cu2,False,9,3
CaMg17Zn2,False,9,3
CaMg18Cu,False,8,3
CaMg18Zn,False,8,3
CaMg7Al2,True,8,3
CaMg8Zn,True,7,3
CaMg9,False,5,2
Ce(Al2Ni)3,True,10,3
Ce(Al6Fe)7,False,10,3
Ce(Cu2Ag)3,True,10,3
Ce(Cu7Ag5)2,True,11,3
Ce(CuAg2)3,False,10,3
Ce(Mg2Ni)3,True,10,3
Ce(MgNi)2,False,9,3
Ce10(Al29Cr)3,True,13,3
Ce10Al61Ni29,True,12,3
Ce10Al77Co13,False,12,3
Ce10Al83Cr7,False,11,3
Ce10Al89Ni,True,10,3
Ce10Mn7Al83,False,11,3
Ce10Nb13Al77,False,12,3
Ce11Al5Ni4,True,10,3
Ce11Al89,True,8,2
Ce13Al85V2,False,10,3
Ce13Al87,True,8,2
Ce17Al71Fe12,False,12,3
Ce18Al67Fe15,False,12,3
Ce18Al77Fe5,False,11,3
Ce2(Al5Co)3,False,11,3
Ce2(Al5Cu)3,True,11,3
Ce2(Al5Fe)3,False,11,3
Ce2(Al5Ni)3,True,11,3
Ce2(AlCu15)3,False,12,3
Ce2(Mg5Cu)3,True,11,3
Ce2(Mg5Ni)3,True,11,3
Ce23Al60Fe17,False,12,3
Ce23Al64Fe13,False,12,3
Ce25.5Al62.5Fe12,False,16,3
Ce25Al62.5Fe12.5,False,16,3
Ce2Al17Co,True,9,3
Ce2Al17Cr,True,9,3
Ce2Al17Cu,True,9,3
Ce2Al17Fe,True,9,3
Ce2Al17Ni,True,9,3
Ce2Al17V,False,8,3
Ce2Al22V,False,8,3
Ce2Al23,True,7,2
Ce2Al2Cu21,True,10,3
Ce2Al3Cu20,True,10,3
Ce2Al43Ni5,True,10,3
Ce2Al47Co,False,9,3
Ce2Al47Fe,False,9,3
Ce2Al5Cu43,False,10,3
Ce2Al7Fe,False,8,3
Ce2Al7Ni,False,8,3
Ce2Al83Cu15,False,11,3
Ce2Al93Cr5,False,10,3
Ce2Al95Co3,False,10,3
Ce2AlCu22,False,9,3
Ce2Cu13Ag10,True,11,3
Ce2Cu23Ag25,True,11,3
Ce2Cu53Ag45,False,11,3
Ce2Mg13Cu5,True,10,3
Ce2Mg17Cu,False,9,3
Ce2Mg17Ni,True,9,3
Ce2Mg5Ni3,True,9,3
Ce2Mg7Cu,False,8,3
Ce2Mg7Ni,False,8,3
Ce2Mn5Al93,False,10,3
Ce2MnAl17,True,9,3
Ce2NbAl17,True,9,3
Ce3Al13Fe4,False,10,3
Ce3Al13Ni4,True,10,3
Ce3Al14Cu3,False,10,3
Ce3Al14Fe3,False,10,3
Ce3Al14Ni3,True,10,3
Ce3Al15Co2,False,10,3
Ce3Al15Cu2,False,10,3
Ce3Al15Fe2,False,10,3
Ce3Al16Co,False,9,3
Ce3Al16Cr,False,9,3
Ce3Al16Cu,False,9,3
Ce3Al16Fe,False,9,3
Ce3Al16Ni,False,9,3
Ce3Al22,True,7,2
Ce3Al3Cu44,False,10,3
Ce3Al42Ni5,True,10,3
Ce3Al43Ni4,True,10,3
Ce3Al47,False,7,2
Ce3Al4Cu43,False,10,3
Ce3Al5Cu42,False,10,3
Ce3Al6Cu41,False,10,3
Ce3Al7Cu40,False,10,3
Ce3Al90Co7,True,10,3
Ce3Al90Fe7,True,10,3
Ce3AlCu46,False,9,3
Ce3Cu32Ag15,True,11,3
Ce3Cu37Ag10,True,11,3
Ce3Cu37Ag60,False,11,3
Ce3Cu42Ag5,True,10,3
Ce3Cu47Ag50,True,11,3
Ce3Cu52Ag45,True,11,3
Ce3Cu57Ag40,True,11,3
Ce3Cu62Ag35,False,11,3
Ce3Cu67Ag30,False,11,3
Ce3Cu77Ag20,False,11,3
Ce3Cu87Ag10,False,11,3
Ce3Mg12Cu5,False,10,3
Ce3Mg13Cu4,True,10,3
Ce3Mg14Cu3,True,10,3
Ce3Mg15Cu2,False,10,3
Ce3Mg15Ni2,True,10,3
Ce3Mg16Cu,False,9,3
Ce3Mg4Ni3,False,9,3
Ce3Mg85Zn12,True,11,3
Ce3Nb2Al15,False,10,3
Ce3NbAl16,False,9,3
Ce3NbAl46,True,9,3
Ce4(Cu17Ag15)3,True,14,3
Ce4(Cu27Ag5)3,False,13,3
Ce4Al13Fe3,False,10,3
Ce4Al15Fe,False,9,3
Ce4Al3Cu43,False,10,3
Ce4Al41Ni5,True,10,3
Ce4Al5Cu41,True,10,3
Ce4Al7Cu39,False,10,3
Ce4AlCu45,False,9,3
Ce4Cu43Ag3,False,10,3
Ce4Cu61Ag35,True,11,3
Ce4Mg11Cu5,False,10,3
Ce4Mg13Cu3,False,10,3
Ce4Mg15Cu,False,9,3
Ce4NbAl45,True,9,3
Ce5(Al2Cu13)3,False,13,3
Ce5(Al4Fe)3,False,11,3
Ce5(AlCu14)3,True,12,3
Ce5(Mg4Ni)9,True,11,3
Ce5Al13Fe2,False,10,3
Ce5Al2Cu43,False,10,3
Ce5Al44Co,True,9,3
Ce5Al44Cu,True,9,3
Ce5Al44Fe,True,9,3
Ce5Al44V,True,8,3
Ce5Al4Cu41,True,10,3
Ce5Al7Cu38,False,10,3
Ce5Al83Co12,True,11,3
Ce5Al87Ni8,True,10,3
Ce5Al88Cu7,False,10,3
Ce5Al91Ni4,True,10,3
Ce5AlCu44,False,9,3
Ce5Mn2Al43,True,10,3
Ce5MnAl44,True,9,3
Ce5NbAl44,True,9,3
Ce6Al85Ni9,True,10,3
Ce6Al87Ni7,True,10,3
Ce6Al89V5,False,9,3
Ce6Cu39Ag55,True,11,3
Ce6Cu59Ag35,True,11,3
Ce6Cu69Ag25,True,11,3
Ce6Cu79Ag15,True,11,3
Ce6Cu89Ag5,False,10,3
Ce6Mn5Al89,False,10,3
Ce7Al83Cu10,True,11,3
Ce7Al83Fe10,True,11,3
Ce7Al93,True,7,2
Ce7Nb10Al83,True,11,3
Ce8Al87Co5,True,10,3
Ce8Al87Cr5,False,10,3
Ce8Al87Cu5,True,10,3
Ce8Al87Fe5,True,10,3
Ce8Al89Cr3,False,10,3
Ce8Cu37Ag55,True,11,3
Ce8Cu87Ag5,False,10,3
Ce8Mn5Al87,False,10,3
Ce8Nb5Al87,True,10,3
Ce9Al91,True,7,2
CeAl13Ni6,True,9,3
CeAl15Co4,False,9,3
CeAl15Cu4,False,9,3
CeAl15Ni4,True,9,3
CeAl16Co3,True,9,3
CeAl16Cu3,True,9,3
CeAl16Ni3,True,9,3
CeAl17Co2,True,9,3
CeAl17Cu2,True,9,3
CeAl17Fe2,True,9,3
CeAl17Ni2,True,9,3
CeAl18Co,True,8,3
CeAl18Cu,False,8,3
CeAl18Fe,True,8,3
CeAl18Ni,False,8,3
CeAl19,False,6,2
CeAl3Fe,False,7,3
CeAl3Ni,False,7,3
CeAl44Co5,True,9,3
CeAl44Cu5,False,9,3
CeAl44Fe5,True,9,3
CeAl44Ni5,True,9,3
CeAl47Cr2,False,9,3
CeAl47Fe2,False,9,3
CeAl47V2,False,8,3
CeAl5Cu44,False,9,3
CeAl7Cu2,False,8,3
CeAl7Fe2,False,8,3
CeAl7Ni2,True,8,3
CeAl89Fe10,False,10,3
CeAl8Co,True,7,3
CeAl8Cr,False,7,3
CeAl8Cu,True,7,3
CeAl8Fe,True,7,3
CeAl8Ni,True,7,3
CeAl8V,False,6,3
CeAl9,True,5,2
CeAlCu23,False,8,3
CeAlCu8,False,7,3
CeCu10Ag9,True,9,3
CeCu11Ag8,True,9,3
CeCu12Ag7,True,9,3
CeCu13Ag6,False,9,3
CeCu15Ag4,False,9,3
CeCu17Ag2,False,9,3
CeCu18Ag,False,8,3
CeCu19Ag5,False,9,3
CeCu24Ag25,False,10,3
CeCu29Ag20,False,10,3
CeCu2Ag7,False,8,3
CeCu4Ag5,True,8,3
CeCu59Ag40,False,10,3
CeCu5Ag14,False,9,3
CeCu5Ag4,True,8,3
CeCu7Ag12,False,9,3
CeCu7Ag2,True,8,3
CeCu8Ag,True,7,3
CeCu8Ag11,True,9,3
CeCu9Ag10,True,9,3
CeMg13Cu6,True,9,3
CeMg14Cu5,True,9,3
CeMg15Cu4,True,9,3
CeMg15Ni4,True,9,3
CeMg16Cu3,True,9,3
CeMg17Cu2,True,9,3
CeMg17Ni2,True,9,3
CeMg18Cu,False,8,3
CeMg18Ni,False,8,3
CeMg2Cu,False,7,3
CeMg3Cu,False,7,3
CeMg3Ni,True,7,3
CeMg7Cu2,True,8,3
CeMg7Ni2,True,8,3
CeMg8Cu,True,7,3
CeMg8Ni,True,7,3
CeMg9,False,5,2
CeMn2Al17,False,9,3
CeMn2Al47,False,9,3
CeMn5Al44,False,9,3
CeMnAl8,False,7,3
CeNb2Al17,False,9,3
CeNbAl18,False,8,3
CeNbAl8,True,7,3
Co,False,2,1
Co1.7Si16.5Pd81.8,True,17,3
Co10Ni68.5P21.5,False,15,3
Co10Ni71P19,False,11,3
Co10Ni73P17,False,11,3
Co10Si16.5Pd73.5,True,16,3
Co11Mo9C5,True,9,3
Co12.5Ni66P21.5,False,15,3
Co12.5Ni68.5P19,False,15,3
Co12.5Ni70.5P17,False,15,3
Co12.5Si16.5Pd71,True,16,3
Co12B8C5,False,8,3
Co12B9C4,False,8,3
Co12Mo8C5,True,9,3
Co12Mo9C4,True,9,3
Co13(B2C)4,True,10,3
Co13(B3C)3,False,10,3
Co13B7,True,6,2
Co13B7C5,False,8,3
Co13Mo7C5,True,9,3
Co13Si2B5,True,9,3
Co13Si3B4,True,9,3
Co13Si4B3,False,9,3
Co13SiB6,True,8,3
Co13W3C4,False,8,3
Co13W4C3,False,8,3
Co14(SiB)3,True,10,3
Co14(WC)3,True,9,3
Co14B6C5,True,8,3
Co14B7C4,True,8,3
Co14B8C3,True,8,3
Co14B9C2,False,8,3
Co14Mo6C5,True,9,3
Co14Mo7C4,True,9,3
Co14Ni64.5P21.5,False,15,3
Co14Ni67P19,False,11,3
Co14Ni69P17,False,11,3
Co14Si5C,False,8,3
Co14SiB5,True,8,3
Co15(B3C2)2,True,11,3
Co15(B4C)2,True,10,3
Co15(Mo3C2)2,True,12,3
Co15B7C3,True,8,3
Co15B9C,True,7,3
Co15Si16.5Pd68.5,True,16,3
Co15Si2B3,True,9,3
Co15Si2C3,False,9,3
Co15Si3B2,True,9,3
Co15Si3C2,False,9,3
Co15Si4B,False,8,3
Co15Si4C,False,8,3
Co15SiB4,True,8,3
Co15SiC4,False,8,3
Co15W2C3,False,8,3
Co15W3C2,False,8,3
Co15WC4,False,7,3
Co16(B2C)3,True,10,3
Co16B4C5,False,8,3
Co16B5C4,True,8,3
Co16B7C2,True,8,3
Co16B8C,True,7,3
Co16B9,True,6,2
Co16Mo4C5,True,9,3
Co16Mo5C4,True,9,3
Co16Ni65P19,False,11,3
Co16Si3C,False,8,3
Co16SiB3,True,8,3
Co16SiC3,False,8,3
Co16W3C,False,7,3
Co16W5C4,False,8,3
Co16WC3,False,7,3
Co17(B3C)2,True,10,3
Co17(BC)4,False,9,3
Co17(MoC)4,True,10,3
Co17(SiB)4,True,10,3
Co17(WC)4,False,9,3
Co17B3,False,6,2
Co17B5C3,True,8,3
Co17B7C,True,7,3
Co17B8,True,6,2
Co17C3,False,6,2
Co17Mo3C5,True,9,3
Co17Si3,False,7,2
Co17SiB2,False,8,3
Co17SiC2,False,8,3
Co17W2C,False,7,3
Co17W3C5,False,8,3
Co17W5C3,False,8,3
Co18B3C4,False,8,3
Co18B4C3,True,8,3
Co18B5C2,True,8,3
Co18B6C,True,7,3
Co18B7,True,6,2
Co18Mo3C4,True,9,3
Co18W3C4,True,8,3
Co18WC,False,6,3
Co19(B2C)2,True,10,3
Co19(BC)3,True,9,3
Co19B5C,True,7,3
Co19B6,True,6,2
Co19Si,False,6,2
Co2(Ni11P3)7,True,12,3
Co20.9Si16.5Pd62.6,False,18,3
Co20B2C3,False,8,3
Co20B3C2,False,8,3
Co20B4C,True,7,3
Co21(BC)2,False,9,3
Co21B3C,False,7,3
Co21B4,True,6,2
Co21Mo20C9,False,10,3
Co22B2C,False,7,3
Co22B3,True,6,2
Co23(Mo2C)9,True,11,3
Co23Mo16C11,True,11,3
Co23Mo20C7,False,10,3
Co25Mo14C11,True,11,3
Co25Mo16C9,True,10,3
Co25Mo18C7,False,10,3
Co27Mo12C11,True,11,3
Co27Mo14C9,True,10,3
Co29(Mo4C3)3,True,12,3
Co29(W4C3)3,False,11,3
Co29B20C,False,8,3
Co29Mo10C11,True,11,3
Co2Ni78.5P19.5,True,14,3
Co2Ni81P17,False,10,3
Co3.5Ni74.5P22,False,14,3
Co3.5Ni75.5P21,True,14,3
Co3.5Ni77P19.5,True,14,3
Co3.5Ni78.5P18,True,14,3
Co3.5Ni79.5P17,False,14,3
Co31B18C,True,8,3
Co31B19,True,7,2
Co31Mo10C9,True,10,3
Co31Mo12C7,False,10,3
Co31Mo8C11,True,10,3
Co31W10C9,False,9,3
Co33B16C,True,8,3
Co33B17,True,7,2
Co33Mo8C9,True,9,3
Co33Ni33B34,True,11,3
Co33W10C7,False,9,3
Co33W8C9,False,8,3
Co34Mo5C11,True,10,3
Co34W7C9,False,8,3
Co35(Mo2C3)3,True,12,3
Co35(W2C3)3,True,11,3
Co35Mo8C7,False,9,3
Co35W7C8,True,8,3
Co35W8C7,True,8,3
Co36(WC)7,True,9,3
Co36Mo5C9,True,9,3
Co36W5C9,False,8,3
Co37B13,True,7,2
Co37Mo4C9,False,9,3
Co37Mo5C8,False,9,3
Co37Mo6C7,False,9,3
Co37W5C8,False,8,3
Co37W7C6,False,8,3
Co38Mo5C7,False,9,3
Co38W5C7,False,8,3
Co39B11,True,7,2
Co39Si5B6,True,9,3
Co3B,True,4,2
Co3B2,True,5,2
Co3BC,True,5,3
Co3MoC,True,6,3
Co3Si,False,5,2
Co3SiB,False,6,3
Co3WC,False,5,3
Co4.2Si16.5Pd79.3,True,17,3
Co40Si3B7,True,9,3
Co41B9,True,6,2
Co41Si2B7,False,9,3
Co41Si4B5,False,9,3
Co4B,True,4,2
Co4C,False,4,2
Co4Si,False,5,2
Co59B41,True,7,2
Co5Ni73P22,False,10,3
Co5Ni74P21,True,10,3
Co5Ni75.5P19.5,True,14,3
Co5Ni77P18,True,10,3
Co5Ni78P17,False,10,3
Co6.7Si16.5Pd76.8,True,17,3
Co60Si17.5B22.5,False,15,3
Co62.5Si12.5B25,True,15,3
Co62.5Si17.5B20,False,15,3
Co65Si22.5C12.5,True,15,3
Co65Si7.5B27.5,True,14,3
Co65W17.5C17.5,False,14,3
Co67.5Si12.5B20,True,15,3
Co67.5Si15C17.5,True,15,3
Co67.5Si17.5C15,True,15,3
Co67.5Si20C12.5,True,15,3
Co67.5Si22.5C10,True,15,3
Co67.5Si7.5B25,True,14,3
Co67.5W17.5C15,False,14,3
Co67.5W20C12.5,False,14,3
Co7(Ni24P7)3,True,12,3
Co7(Ni25P6)3,True,12,3
Co70.5Si14.75B14.75,True,19,3
Co70W17.5C12.5,False,14,3
Co71B29,True,7,2
Co72.5Si12.5B15,True,15,3
Co72.5Si7.5B20,True,14,3
Co72.5W15C12.5,True,14,3
Co73Si13.5B13.5,True,15,3
Co74.5W7.5C18,False,13,3
Co75Si12.5B12.5,True,15,3
Co75Si7.5B17.5,True,14,3
Co75W12.5C12.5,False,14,3
Co77.5Si10B12.5,True,15,3
Co77.5Si12.5B10,True,15,3
Co77.5Si15B7.5,True,14,3
Co77.5Si7.5B15,True,14,3
Co77.5W10C12.5,False,14,3
Co77.5W15C7.5,False,13,3
Co77.5W7.5C15,False,13,3
Co77W5C18,False,9,3
Co78(SiB)11,True,11,3
Co7B3,True,5,2
Co7MoC2,True,7,3
Co7Ni71P22,False,10,3
Co7Ni73.5P19.5,True,14,3
Co7Ni76P17,False,10,3
Co7Si2B,False,7,3
Co7Si3,False,6,2
Co7SiB2,True,7,3
Co7SiC2,False,7,3
Co7W2C,False,6,3
Co7WC2,False,6,3
Co80.5Si7B12.5,False,14,3
Co80B7P13,True,9,3
Co80Si7.5B12.5,True,14,3
Co80W7.5C12.5,False,13,3
Co81.5B18.5,True,11,2
Co82.5W10C7.5,False,13,3
Co82.5W7.5C10,False,13,3
Co83B17,True,7,2
Co85W2.5C12.5,False,13,3
Co85W7.5C7.5,False,12,3
Co87.5W2.5C10,False,13,3
Co89B11,True,7,2
Co8SiB,False,6,3
Co8WC,False,5,3
Co95W2.5C2.5,False,12,3
Co9C,False,4,2
Co9Ni69.5P21.5,False,14,3
Co9Ni72P19,True,10,3
Co9Ni74P17,False,10,3
Co9Si,False,5,2
CoNi38P11,False,9,3
CoNi40P9,True,8,3
CoSi2Pd7,True,8,3
Cr(Ge2Pd9)9,True,11,3
Cr0.5Si20Pd79.5,True,15,3
Cr10Co11C4,False,10,3
Cr10Fe13C2,False,10,3
Cr10Fe31B9,True,10,3
Cr10Fe33B7,True,10,3
Cr10Fe37B3,False,10,3
Cr10Fe39B,False,9,3
Cr10Ni4Mo11,True,11,3
Cr10Ni71P19,True,11,3
Cr11(Co10C3)3,False,13,3
Cr11(Fe11B2)3,True,13,3
Cr11(Fe12B)3,False,12,3
Cr11Co9C5,True,9,3
Cr11Fe29C10,False,11,3
Cr11Fe34B5,False,10,3
Cr11Fe35B4,False,10,3
Cr11Fe74B15,True,11,3
Cr12Co9C4,True,9,3
Cr12Fe31B7,True,10,3
Cr12Fe33B5,True,10,3
Cr12Fe35B3,False,10,3
Cr12Fe73B15,True,11,3
Cr13(Ni3Mo)3,True,12,3
Cr13Co26C11,False,11,3
Cr13Co28C9,True,10,3
Cr13Fe28C9,True,10,3
Cr13Fe30B7,True,10,3
Cr13Fe31B6,True,10,3
Cr13Fe32B5,True,10,3
Cr13Fe33B4,False,10,3
Cr13Fe34B3,False,10,3
Cr14(Fe3C)9,True,11,3
Cr14Fe29C7,False,10,3
Cr14FeB5,True,8,3
Cr15Co24C11,False,11,3
Cr15Co26C9,True,10,3
Cr15Fe26C9,True,10,3
Cr15Fe71B14,True,11,3
Cr15Fe73B12,True,11,3
Cr15Fe77B8,False,10,3
Cr15Fe79B6,False,10,3
Cr15Fe81B4,False,10,3
Cr15Ni66P19,True,11,3
Cr16Fe25C9,True,10,3
Cr17(Co2C)11,True,12,3
Cr17(Co8C3)3,True,12,3
Cr18Fe23C9,True,10,3
Cr19(Ni5Mo22)3,False,14,3
Cr19Co20C11,True,11,3
Cr19Co22C9,True,10,3
Cr19Ni62Mo19,True,12,3
Cr2(Fe5B)3,True,10,3
Cr2(Fe5C)3,False,10,3
Cr2(Ge3Pd13)3,True,13,3
Cr2.5Fe77.5B20,True,14,3
Cr2.5Fe80.5B17,True,14,3
Cr2.5Fe82.5B15,True,14,3
Cr20(Co7C3)3,True,12,3
Cr20(Fe7C3)3,True,12,3
Cr20Fe23C7,False,10,3
Cr20Ni61P19,True,11,3
Cr21Co18C11,True,11,3
Cr22(Ni7Mo19)3,True,14,3
Cr22Co19C9,True,10,3
Cr22Ni17Mo61,False,12,3
Cr23(Fe5P2)11,True,13,3
Cr23Co20C7,False,10,3
Cr23Ni17Mo10,True,12,3
Cr23Ni34Mo43,True,12,3
Cr24(NiMo)13,True,12,3
Cr24.5Fe56B19.5,True,15,3
Cr24Co17C9,True,10,3
Cr24Fe55B21,True,11,3
Cr24Fe56.5P19.5,True,15,3
Cr24Ni11Mo15,True,12,3
Cr25Fe57.5B17.5,True,15,3
Cr25Fe57.5P17.5,True,15,3
Cr25Ni56P19,True,11,3
Cr26Fe59.5P14.5,True,15,3
Cr26Fe60.5P13.5,True,15,3
Cr26Ni19Mo5,True,11,3
Cr27Fe62B11,True,11,3
Cr27Ni15Mo8,True,11,3
Cr27Ni8Mo15,True,11,3
Cr2Co18B5,True,9,3
Cr2Co2B,True,7,3
Cr2Co2C,True,7,3
Cr2Fe18B5,True,9,3
Cr2Fe18P5,True,9,3
Cr2Fe21B2,True,9,3
Cr2Fe22B,True,8,3
Cr2Fe2B,True,7,3
Cr2Fe7B,False,7,3
Cr2Ni2P,True,7,3
Cr3(Fe10B)2,False,11,3
Cr30Ni51P19,True,11,3
Cr32Ni43Mo25,True,12,3
Cr35Ni27Mo38,True,12,3
Cr38Ni37Mo25,True,12,3
Cr39Ni28Mo33,True,12,3
Cr3Co13B4,True,9,3
Cr3Co5B2,True,8,3
Cr3Fe13B4,True,9,3
Cr3Fe14B3,True,9,3
Cr3Fe15B2,False,9,3
Cr3Fe15C2,False,9,3
Cr3Fe21B,False,8,3
Cr3Fe37B10,True,10,3
Cr3Fe37P10,True,10,3
Cr3Fe5B2,True,8,3
Cr3Ge18Pd79,True,11,3
Cr3Ni13P4,True,9,3
Cr3Ni5B2,True,8,3
Cr3Ni77P20,True,10,3
Cr3NiP,True,6,3
Cr3Si10Pd37,True,11,3
Cr3Si20Pd77,True,11,3
Cr4(Fe27B5)3,True,12,3
Cr40Fe47C13,False,11,3
Cr42Ni31Mo27,True,12,3
Cr43.5Ni40.5P16,True,15,3
Cr4Fe13B3,True,9,3
Cr4Fe19B2,False,9,3
Cr4Fe20B,False,8,3
Cr4Fe41B5,False,9,3
Cr4Fe43B3,True,9,3
Cr4Fe45B,True,8,3
Cr4P,False,4,2
Cr5(Fe13B2)3,True,12,3
Cr5(Fe14B)3,True,11,3
Cr5(Fe4B)3,True,10,3
Cr5(Fe4B)4,True,10,3
Cr5(Fe4B)9,True,10,3
Cr5(Fe9B)2,False,10,3
Cr5(Fe9C)2,False,10,3
Cr5(Ni4P)19,True,11,3
Cr53Ni18Mo29,True,12,3
Cr55.93Ni28.93P15.14,True,20,3
Cr56Ni39Mo5,True,11,3
Cr58(Ni9P5)3,True,12,3
Cr59.81Ni25.31P14.88,True,20,3
Cr5Co11B4,True,9,3
Cr5Co3B2,True,8,3
Cr5Fe11B4,True,9,3
Cr5Fe17B3,True,9,3
Cr5Fe19B,False,8,3
Cr5Fe37B8,True,9,3
Cr5Fe38B7,True,9,3
Cr5Fe41B4,True,9,3
Cr5Fe43B2,True,9,3
Cr5Fe44B,True,8,3
Cr5Fe77B18,True,10,3
Cr5Fe79B16,True,10,3
Cr5Fe81B14,True,10,3
Cr5Fe83B12,True,10,3
Cr5Fe87B8,False,9,3
Cr5Fe89B6,False,9,3
Cr5Fe91B4,False,9,3
Cr5Ge18Pd77,True,11,3
Cr5Ni11B4,True,9,3
Cr5Ni3P2,True,8,3
Cr6.6Fe79B14.4,True,14,3
Cr69.6Ni16.2P14.2,False,17,3
Cr6Co14C5,False,9,3
Cr6Co15C4,False,9,3
Cr6Fe11B3,True,9,3
Cr6Fe16B3,True,9,3
Cr6Fe17B2,False,9,3
Cr6Fe39B5,False,9,3
Cr6Fe41B3,False,9,3
Cr6Fe43B,False,8,3
Cr7(Co7C2)2,False,11,3
Cr7(Fe26B5)3,True,12,3
Cr7(Ge6Pd25)3,True,13,3
Cr7.5Co67.5B25,True,14,3
Cr72.5Ni13.5P14,False,15,3
Cr73Fe10P17,True,11,3
Cr74Fe9P17,True,10,3
Cr7Co13C5,True,9,3
Cr7Fe34B9,True,9,3
Cr7Fe35B8,True,9,3
Cr7Fe36B7,True,9,3
Cr7Fe37B6,True,9,3
Cr7Fe38B5,False,9,3
Cr7Fe39B4,False,9,3
Cr7Fe40B3,False,9,3
Cr7Fe41B2,False,9,3
Cr7Fe42B,False,8,3
Cr7Fe76P17,True,10,3
Cr7Fe77B16,True,10,3
Cr7Fe79B14,True,10,3
Cr7Fe9B4,True,8,3
Cr7Ni34P9,True,9,3
Cr7Ni73P20,True,10,3
Cr7NiP2,False,7,3
Cr7Si20Pd73,True,11,3
Cr8(Fe13B)3,False,11,3
Cr85(Fe2B3)3,True,12,3
Cr87P13,False,7,2
Cr8Co12C5,True,9,3
Cr8Co13C4,False,9,3
Cr8Fe41B,False,8,3
Cr9(Co3C)4,False,10,3
Cr9Co11C5,True,9,3
Cr9Co7B4,True,8,3
Cr9Fe35B6,True,9,3
Cr9Fe36B5,False,9,3
Cr9Fe37B4,False,9,3
Cr9Fe38B3,False,9,3
Cr9Fe76B15,True,10,3
Cr9Ni31P10,True,10,3
CrCo3B,True,6,3
CrCo7B2,True,7,3
CrCo7P2,True,7,3
CrFe15B4,True,8,3
CrFe16B3,True,8,3
CrFe17B2,False,8,3
CrFe18C,False,7,3
CrFe19B5,True,8,3
CrFe19P5,True,8,3
CrFe39P10,True,9,3
CrFe3B,True,6,3
CrFe79B20,True,9,3
CrFe7B2,True,7,3
CrFe8B,False,6,3
CrNi15P4,True,8,3
CrNi3B,True,6,3
CrNi3P,True,6,3
CrNi7B2,True,7,3
CrNi7P2,True,7,3
CrSi10Pd39,True,10,3
CrSi20Pd79,True,10,3
CrSi4Pd15,True,9,3
CrSi5Pd19,True,9,3
Cu(Ni25P8)3,False,11,3
Cu(Ni5P)4,False,9,3
Cu1.7Si16.5Pd81.8,True,17,3
Cu10Si15.8Pd74.2,True,16,3
Cu10Si16.5Pd73.5,True,16,3
Cu10Si17Pd73,True,12,3
Cu11Si19.5Pd69.5,True,16,3
Cu12.5Si16.5Pd71,True,16,3
Cu12.5Si17Pd70.5,True,16,3
Cu12Ni67P21,False,11,3
Cu12Si15.5Pd72.5,True,16,3
Cu13(Ni22P7)3,False,13,3
Cu13(Ni23P6)3,False,13,3
Cu13Ag12,False,8,2
Cu13Ni67P20,False,11,3
Cu14.4Ni65.6P20,True,15,3
Cu14.5Si16.5Pd69,True,16,3
Cu14Si15.1Pd70.9,True,16,3
Cu15Si16.5Pd68.5,True,16,3
Cu15Si16Pd69,True,12,3
Cu16.5Si16.5Pd67,True,16,3
Cu19Si16.5Pd64.5,True,16,3
Cu2(Ni13P3)3,True,12,3
Cu20.9Si16.5Pd62.6,True,18,3
Cu26.7Si16.5Pd56.8,False,18,3
Cu2Ag2Ge,True,8,3
Cu2Ni18P5,True,9,3
Cu2Ni37P11,True,10,3
Cu2Si17.25Pd80.75,True,17,3
Cu3.5Si16.5Pd80,True,15,3
Cu37.5Ag37.5Ge25,True,16,3
Cu38.75Ag38.75Ge22.5,True,20,3
Cu3Ni17P5,True,9,3
Cu3Ni36P11,True,10,3
Cu3Ni37P10,True,10,3
Cu3Ni38P9,True,9,3
Cu3Ni73P24,False,10,3
Cu3Ni80B17,True,10,3
Cu3Ni81P16,False,10,3
Cu3Si17Pd80,True,11,3
Cu4.2Si16.5Pd79.3,True,17,3
Cu4.5Si18Pd77.5,True,15,3
Cu4Ni35P11,True,10,3
Cu4Ni37P9,True,9,3
Cu4Si16.5Pd79.5,True,15,3
Cu4Si16.9Pd79.1,True,15,3
Cu4Si9Pd37,True,10,3
Cu5(Ni4P)9,True,10,3
Cu5.7Si20.5Pd73.8,True,17,3
Cu5.8Si19.5Pd74.7,True,17,3
Cu5.9Si17.5Pd76.6,True,17,3
Cu5.9Si18.5Pd75.6,True,17,3
Cu52.8Ni27.2P20,True,15,3
Cu5Ni34P11,True,10,3
Cu6(SiPd3)11,True,12,3
Cu6.1Si15.5Pd78.4,True,17,3
Cu6.7Si16.5Pd76.8,True,17,3
Cu61.6Ni18.4P20,True,15,3
Cu67Ni17P16,True,11,3
Cu69Ni13P18,True,11,3
Cu6Si16.5Pd77.5,True,15,3
Cu73Ag27,False,8,2
Cu73Ni11P16,True,11,3
Cu78.5Ag14P7.5,False,14,3
Cu7Ni33P10,False,10,3
Cu7Ni34P9,False,9,3
Cu7Si16.5Pd76.5,True,15,3
Cu7Si17Pd76,True,11,3
Cu7Si20Pd73,True,11,3
Cu80.3Ag12.2P7.5,True,16,3
Cu80.5Ag10.5P9,False,14,3
Cu80.8Ag12.2P7,True,14,3
Cu81.5Ag10.5P8,True,14,3
Cu81.5Ag12.2P6.3,False,16,3
Cu81.9Ag10.5P7.6,True,16,3
Cu82.5Ag10.5P7,True,14,3
Cu82.5Ag9P8.5,False,13,3
Cu82.8Ag9P8.2,True,13,3
Cu83.5Ag8.9P7.6,True,15,3
Cu84.5Ag7P8.5,False,13,3
Cu84.5Ag9P6.5,False,13,3
Cu84Ag9P7,True,9,3
Cu85(Ag3P2)3,False,12,3
Cu85.2Ag7.1P7.7,True,15,3
Cu85.5Ag7.5P7,True,13,3
Cu86Ag7.5P6.5,False,13,3
Cu87Ag5.5P7.5,False,13,3
Cu8Si16.2Pd75.8,True,15,3
Cu9Si16Pd75,True,11,3
CuNi19P5,True,8,3
CuNi37P12,False,9,3
CuNi38P11,True,9,3
CuNi39P10,True,9,3
CuNi40P9,True,8,3
CuNi41P8,False,8,3
CuNi7P2,True,7,3
CuNi83P16,False,9,3
CuSi2Pd7,True,8,3
Dy0.3Zr10Fe89.7,True,15,3
Dy42Zr5Fe3,False,10,3
Dy44Zr5Fe,True,9,3
Er67.5B10Au22.5,True,15,3
Fe(CuAg)2,False,9,3
Fe1.7Si16.5Pd81.8,True,17,3
Fe10B19N21,True,10,3
Fe10Si16.5Pd73.5,True,16,3
Fe12.3Ni64.7B23,True,15,3
Fe12.5Si16.5Pd71,True,16,3
Fe12.5Si6B81.5,False,14,3
Fe12Ag13,False,8,2
Fe12B5F3,True,8,3
Fe12B7F,True,7,3
Fe12Cu3Ag10,False,11,3
Fe13Ag12,False,8,2
Fe13B4F3,True,8,3
Fe13B7,True,6,2
Fe13Cu47Ag40,False,12,3
Fe13Ni2B5,True,9,3
Fe13Ni5B2,False,9,3
Fe13Si20Pd67,True,12,3
Fe13Si2C5,True,9,3
Fe13Si3B4,True,9,3
Fe13Si3C4,True,9,3
Fe13Si4C3,True,9,3
Fe13Si5C2,True,9,3
Fe14(SiB)3,True,10,3
Fe14(SiC)3,True,10,3
Fe14Cu55Ag31,False,12,3
Fe15B2Mo3,True,9,3
Fe15B4Mo,True,8,3
Fe15CoB4,True,8,3
Fe15Cu22Ag13,False,12,3
Fe15Cu3B2,False,9,3
Fe15CuB4,False,8,3
Fe15Ni3B2,False,9,3
Fe15NiB4,True,8,3
Fe15P2C3,True,8,3
Fe15P3C2,True,8,3
Fe15P4C,True,7,3
Fe15Si16.5Pd68.5,False,16,3
Fe15Si2B3,True,9,3
Fe15Si3B2,True,9,3
Fe15SiB4,True,8,3
Fe16.5Co66.5B17,True,15,3
Fe16B3C,True,7,3
Fe16B3P,True,7,3
Fe16B4Mo5,True,9,3
Fe16Cu5B4,False,9,3
Fe16GeB3,True,8,3
Fe16Ni5B4,True,9,3
Fe16P3C,True,7,3
Fe16PC3,False,7,3
Fe16Si3B,True,8,3
Fe16SiB3,True,8,3
Fe16SiP3,True,8,3
Fe16W4C5,False,8,3
Fe17(Cu5Ag6)3,False,13,3
Fe17B2C,True,7,3
Fe17B2Mo,False,8,3
Fe17B3,True,6,2
Fe17B3Mo5,True,9,3
Fe17Cu5B3,False,9,3
Fe17Cu8,False,7,2
Fe17CuB2,False,8,3
Fe17Ni5B3,True,9,3
Fe17NiB2,True,8,3
Fe17P2C,False,7,3
Fe17W3C5,True,8,3
Fe18.5Ni54.5B27,True,15,3
Fe18B2Mo5,False,9,3
Fe18B5Mo2,True,9,3
Fe18B5W2,True,8,3
Fe18Ni53B29,True,11,3
Fe18Ni5B2,False,9,3
Fe18Si4B3,True,9,3
Fe18W2C5,False,8,3
Fe19(B2Mo)2,True,11,3
Fe19(BMo)3,True,10,3
Fe19.5Ni58.5B22,True,15,3
Fe19B,False,5,2
Fe19B5Mo,True,8,3
Fe19B5P,True,7,3
Fe19B5W,True,7,3
Fe19B6,True,6,2
Fe19BMo5,False,8,3
Fe19CoB5,True,8,3
Fe19Ni19B12,True,11,3
Fe19Ni21B10,True,11,3
Fe19Ni5B,False,8,3
Fe19WC5,False,7,3
Fe20(Ni7B3)3,True,12,3
Fe20.5Ni60.5B19,True,15,3
Fe20B2Mo3,False,9,3
Fe20B2P3,True,8,3
Fe20B3Mo2,True,9,3
Fe20B3P2,True,8,3
Fe20B4C,True,7,3
Fe20B4P,True,7,3
Fe20BF4,False,7,3
Fe20BP4,True,7,3
Fe20Cu11Ag19,True,12,3
Fe20Cu49Ag31,False,12,3
Fe20Ge2B3,True,9,3
Fe20Si2B3,True,9,3
Fe20Si2P3,True,9,3
Fe20SiP4,True,8,3
Fe20WC4,False,7,3
Fe21B4,True,6,2
Fe21BMo3,False,8,3
Fe21BP3,False,7,3
Fe21Co62B17,True,11,3
Fe21Cu15Ag14,True,12,3
Fe21Cu6Ag23,True,11,3
Fe21Ni21B8,True,10,3
Fe21Ni59B20,True,11,3
Fe21Ni61.5B17.5,True,15,3
Fe21Ni62.5B16.5,True,15,3
Fe21Ni62B17,True,11,3
Fe21SiB3,True,8,3
Fe22B3,True,6,2
Fe22BMo2,False,8,3
Fe22Cu29Ag49,False,12,3
Fe22Ni59B19,True,11,3
Fe23Cu27,False,8,2
Fe23Ni59B18,True,11,3
Fe23Ni60B17,True,11,3
Fe24Ni59B17,True,11,3
Fe25Ni59B16,True,11,3
Fe27Cu45Ag28,False,12,3
Fe27Cu51Ag22,False,12,3
Fe28B9F13,False,9,3
Fe29.5Ni50.5B20,True,15,3
Fe29Ag21,False,8,2
Fe29B7F14,False,9,3
Fe29Co54B17,True,11,3
Fe29Cu71,False,8,2
Fe29Cu8Ag63,False,11,3
Fe2Co2B,True,7,3
Fe2Cu83Ag15,False,11,3
Fe2CuAg,False,7,3
Fe2Ni2B,True,7,3
Fe2Ni2P,True,7,3
Fe30.5Ni50.5B19,True,15,3
Fe30B19F,True,8,3
Fe31.5Ni50.5B18,True,15,3
Fe31Cu10B9,False,10,3
Fe31Mo10C9,True,10,3
Fe31Ni10B9,True,10,3
Fe31W10C9,False,9,3
Fe31W8C11,False,9,3
Fe32.5Ni50.5B17,True,15,3
Fe32Cu37Ag31,False,12,3
Fe32W7C11,True,9,3
Fe33.5Ni50.5B16,True,15,3
Fe33Ag67,False,8,2
Fe33B12N5,True,9,3
Fe33B7Mo10,True,10,3
Fe33Cu10B7,False,10,3
Fe33Mo8C9,True,9,3
Fe33Ni10B7,True,10,3
Fe33Ni50B17,True,11,3
Fe33Ni5B12,True,10,3
Fe33W10C7,False,9,3
Fe33W6C11,True,9,3
Fe33W7C10,True,9,3
Fe33W8C9,False,8,3
Fe34W5C11,True,9,3
Fe34W7C9,False,8,3
Fe35(B2Mo3)3,True,12,3
Fe35(Mo2C3)3,True,12,3
Fe35(Si3B2)3,True,12,3
Fe35(W2C3)3,False,11,3
Fe35W4C11,False,9,3
Fe35W8C7,False,8,3
Fe36.5Ni36.5B27,True,15,3
Fe36B5Mo9,True,9,3
Fe36Cu13Ag51,False,12,3
Fe36Cu23Ag41,True,12,3
Fe36Cu49Ag15,False,12,3
Fe36Cu5B9,False,9,3
Fe36Ni5B9,True,9,3
Fe36Si5B9,True,9,3
Fe37(Cu2Ag)21,False,13,3
Fe37Ag63,False,8,2
Fe37B10Mo3,True,10,3
Fe37B10N3,True,9,3
Fe37B3Mo10,False,10,3
Fe37B4Mo9,False,9,3
Fe37B7Mo6,True,9,3
Fe37Cu41Ag22,False,12,3
Fe37Cu5B8,False,9,3
Fe37Cu63,False,8,2
Fe37Mo4C9,True,9,3
Fe37Ni10B3,False,10,3
Fe37Ni37B26,True,11,3
Fe37Ni5B8,True,9,3
Fe37Si5B8,True,9,3
Fe37SiB12,False,9,3
Fe37W2C11,False,9,3
Fe37W4C9,False,8,3
Fe37W6C7,False,8,3
Fe37W8C5,False,8,3
Fe38(BMo3)3,False,11,3
Fe38(CuAg)31,True,12,3
Fe38(Mo3C)3,True,11,3
Fe38.5Ni38.5B23,True,15,3
Fe38B7Mo5,True,9,3
Fe38Cu5B7,False,9,3
Fe38Ni5B7,True,9,3
Fe38SiB11,False,9,3
Fe39Ag61,False,8,2
Fe39B10Mo,True,9,3
Fe39B11,True,7,2
Fe39B2Mo9,False,9,3
Fe39B5F6,True,8,3
Fe39B5Mo6,True,9,3
Fe39B6Mo5,True,9,3
Fe39B7Mo4,True,9,3
Fe39BMo10,False,9,3
Fe39Cu5B6,False,9,3
Fe39Ni10B,False,9,3
Fe39Ni39B22,True,11,3
Fe39Ni42B19,True,11,3
Fe39Ni5B6,True,9,3
Fe39Si2B9,True,9,3
Fe39Si4B7,True,9,3
Fe39Si5B6,True,9,3
Fe39SiB10,True,9,3
Fe39W2C9,False,8,3
Fe39W4C7,False,8,3
Fe39W6C5,False,8,3
Fe3Ag7,False,6,2
Fe3B,True,4,2
Fe3Co37B10,True,10,3
Fe3Co5B2,True,8,3
Fe3CoB,True,6,3
Fe3Cu7,False,6,2
Fe3Ni13B4,True,9,3
Fe3Ni13P4,True,9,3
Fe3Ni5B2,True,8,3
Fe3Ni5P2,True,8,3
Fe3Ni77P20,True,10,3
Fe3NiB,True,6,3
Fe3NiP,True,6,3
Fe4(CuAg)3,True,10,3
Fe4.2Si16.5Pd79.3,True,17,3
Fe40.5Ni40B19.5,True,15,3
Fe40B3P7,True,8,3
Fe40B7P3,True,8,3
Fe40B9C,True,7,3
Fe40B9P,True,7,3
Fe40B9Pd,True,8,3
Fe40BMo9,False,8,3
Fe40Cu31Ag29,False,12,3
Fe40GeB9,True,8,3
Fe40Si3P7,True,9,3
Fe40SiB9,True,8,3
Fe40SiP9,True,8,3
Fe41(B2P)3,True,10,3
Fe41(BMo2)3,False,11,3
Fe41(BP2)3,True,10,3
Fe41(SiB2)3,True,11,3
Fe41(W2C)3,False,10,3
Fe41.5Co41.5B17,True,15,3
Fe41.5Ni41B17.5,True,15,3
Fe41B4Mo5,False,9,3
Fe41B4P5,True,8,3
Fe41B5Mo4,True,9,3
Fe41B8F,True,7,3
Fe41B9,True,6,2
Fe41Cu30Ag29,True,12,3
Fe41Cu5B4,False,9,3
Fe41Ni41B18,True,11,3
Fe41Ni42B17,True,11,3
Fe41Ni5B4,False,9,3
Fe41Si2B7,True,9,3
Fe41SiB8,True,8,3
Fe41W2C7,False,8,3
Fe41W4C5,False,8,3
Fe42B33N25,True,10,3
Fe42B3Mo5,False,9,3
Fe42B3P5,False,8,3
Fe42Cu31Ag27,False,12,3
Fe42Cu41Ag17,False,12,3
Fe42Cu5B3,False,9,3
Fe42Ni5B3,False,9,3
Fe42SiB7,True,8,3
Fe43B2Mo5,False,9,3
Fe43B3Mo4,False,9,3
Fe43B6N,True,7,3
Fe43B7,True,6,2
Fe43BMo6,False,8,3
Fe43Cu5B2,False,9,3
Fe43Ni40B17,True,11,3
Fe43Ni43B14,True,11,3
Fe43Ni5B2,False,9,3
Fe43W2C5,False,8,3
Fe43W4C3,False,8,3
Fe44BMo5,False,8,3
Fe44Ni5B,False,8,3
Fe45BMo4,False,8,3
Fe45Cu31Ag24,False,12,3
Fe45W2C3,False,8,3
Fe46.2Ni30.8B23,True,15,3
Fe48Ni35B17,True,11,3
Fe4Ag21,False,7,2
Fe4B,True,4,2
Fe4Cu15Ag31,False,11,3
Fe4Ni16P5,True,9,3
Fe4P,True,4,2
Fe5.1Si16.8Pd78.1,True,17,3
Fe50Co33B17,True,11,3
Fe50Ni33B17,True,11,3
Fe51Cu23Ag26,False,12,3
Fe51Cu38Ag11,False,12,3
Fe52.5B24.5N23,True,14,3
Fe53.5Ni18B28.5,True,15,3
Fe53Ni30B17,True,11,3
Fe54.5Ni18.5B27,True,15,3
Fe54Ni29B17,True,11,3
Fe55Cu32Ag13,False,12,3
Fe56Ni19B25,True,11,3
Fe57Cu6Ag37,False,11,3
Fe57Ni19B24,True,11,3
Fe57Ni25B18,True,11,3
Fe58.5Ni20B21.5,True,15,3
Fe58Co25B17,True,11,3
Fe59.5Ni20B20.5,True,15,3
Fe59B10F31,False,10,3
Fe59B8F33,False,9,3
Fe59Mo17C24,True,11,3
Fe59Ni25B16,True,11,3
Fe5Co3B2,True,8,3
Fe5Cu16Ag29,False,11,3
Fe5Ni11P4,True,9,3
Fe5Ni3B2,True,8,3
Fe6.7Si16.5Pd76.8,True,17,3
Fe60.1Ni16.9B23,True,15,3
Fe60B7F33,False,9,3
Fe61.5Ni22B16.5,True,15,3
Fe61B39,True,7,2
Fe61Co22B17,True,11,3
Fe61Ni20B19,True,11,3
Fe61Ni25B14,True,11,3
Fe63B37,True,7,2
Fe63Cu20Ag17,False,12,3
Fe63Mo17C20,True,11,3
Fe63Ni20B17,True,11,3
Fe63Ni25B12,False,11,3
Fe64B29N7,True,9,3
Fe64Co19B17,True,11,3
Fe65B17.5F17.5,True,14,3
Fe65B22.5F12.5,True,14,3
Fe65B31.5F3.5,True,13,3
Fe65Si12.5C22.5,True,15,3
Fe65Si17.5C17.5,True,15,3
Fe65Si22.5C12.5,True,15,3
Fe66.4Ni16.6B17,True,15,3
Fe66.5Co16.5B17,True,15,3
Fe67(Cu5B6)3,False,12,3
Fe67(Ni5B6)3,True,12,3
Fe67.5Si10B22.5,True,15,3
Fe67.5Si12.5B20,True,15,3
Fe67.5Si15B17.5,True,15,3
Fe67.5Si17.5B15,True,15,3
Fe67Cu10Ag23,False,12,3
Fe67Mo17C16,True,11,3
Fe67Ni25B8,False,10,3
Fe67Si13B20,True,11,3
Fe69B16Mo15,True,11,3
Fe69Cu15B16,False,11,3
Fe69Ni15B16,True,11,3
Fe69Ni25B6,False,10,3
Fe69Si7B24,True,10,3
Fe6B9Mo85,True,9,3
Fe6B9W85,True,8,3
Fe6Co77B17,True,10,3
Fe6Co85B9,True,9,3
Fe6Cu19,False,7,2
Fe6Ni85B9,True,9,3
Fe70(Si3B7)3,True,12,3
Fe70Si12.5B17.5,True,15,3
Fe70Si12.5C17.5,True,15,3
Fe70Si13B17,True,11,3
Fe70Si17.5B12.5,True,15,3
Fe70Si17.5C12.5,True,15,3
Fe70Si7.5B22.5,True,14,3
Fe71.5Co11.5B17,True,15,3
Fe71B14Mo15,True,11,3
Fe71B29,True,7,2
Fe71Cu15B14,False,11,3
Fe71Mo17C12,True,11,3
Fe71Ni15B14,True,11,3
Fe71Ni25B4,False,10,3
Fe71Si7B22,True,10,3
Fe72(SiB3)7,True,11,3
Fe72.5P10C17.5,True,14,3
Fe72.5P12.5C15,True,14,3
Fe72.5P15C12.5,True,14,3
Fe72.5P17.5C10,True,14,3
Fe72.5P20C7.5,True,13,3
Fe72.5Si10B17.5,True,15,3
Fe72.5Si12.5B15,True,15,3
Fe72.5Si15B12.5,True,15,3
Fe72.5Si17.5B10,True,15,3
Fe72.5Si5B22.5,True,14,3
Fe72.5Si7.5B20,True,14,3
Fe72Si13B15,True,11,3
Fe73(B4Mo5)3,True,12,3
Fe73(Cu5B4)3,False,12,3
Fe73(Ni5B4)3,True,12,3
Fe73(SiB8)3,False,11,3
Fe73.5B20W6.5,True,13,3
Fe73B20Mo7,True,10,3
Fe73Co10B17,True,11,3
Fe73Ni10B17,True,11,3
Fe73Ni25B2,False,10,3
Fe73Si9.5B17.5,True,14,3
Fe73W10C17,False,10,3
Fe74.5Si10.5B15,True,15,3
Fe74.5Si18B7.5,False,14,3
Fe74.8Si13B12.2,True,15,3
Fe74.9Si7.3B17.8,True,16,3
Fe74Mo9P17,True,10,3
Fe75.3Si9.7B15,True,14,3
Fe75.5Co7.5B17,True,14,3
Fe75B11P14,False,10,3
Fe75B18F7,True,9,3
Fe75B19P6,False,9,3
Fe75B21P4,True,9,3
Fe75Mo17C8,True,10,3
Fe75P12.5C12.5,True,14,3
Fe75P17.5C7.5,True,13,3
Fe75P7.5C17.5,True,13,3
Fe75Si12.5B12.5,True,15,3
Fe75Si12B13,True,11,3
Fe75Si13B12,True,11,3
Fe75Si17.5B7.5,True,14,3
Fe75Si3B22,True,10,3
Fe75Si4B21,True,10,3
Fe75Si7.5B17.5,True,14,3
Fe76(P5C3)3,True,11,3
Fe76Mo7P17,True,10,3
Fe76Ni5B19,True,10,3
Fe77.5B20W2.5,True,13,3
Fe77.5B22.5,True,11,2
Fe77.5P10C12.5,True,14,3
Fe77.5P12.5C10,True,14,3
Fe77.5P15C7.5,True,13,3
Fe77.5P16C6.5,True,13,3
Fe77.5P17.5C5,True,13,3
Fe77.5P5C17.5,False,13,3
Fe77.5P7.5C15,True,13,3
Fe77.5Si10B12.5,True,15,3
Fe77.5Si12.5B10,True,15,3
Fe77.5Si13.5B9,True,14,3
Fe77.5Si15B7.5,True,14,3
Fe77.5Si2.5B20,True,14,3
Fe77.5Si5B17.5,True,14,3
Fe77.5Si7.5B15,True,14,3
Fe77B10F13,True,10,3
Fe77B13P10,True,10,3
Fe77B15P8,True,9,3
Fe77B17P6,True,9,3
Fe77B19P4,False,9,3
Fe77B20Mo3,True,10,3
Fe77B8Mo15,False,10,3
Fe77Co6B17,True,10,3
Fe77Cu15B8,False,10,3
Fe77Cu5B18,False,10,3
Fe77Ni15B8,False,10,3
Fe77Ni5B18,True,10,3
Fe77P15C8,True,9,3
Fe77Si11B12,True,11,3
Fe78.5B20F1.5,True,13,3
Fe78.5P15C6.5,True,13,3
Fe78.5Si9B12.5,True,14,3
Fe78B17C5,True,9,3
Fe78B9P13,True,9,3
Fe78Si15B7,True,10,3
Fe78Si7.5B14.5,True,14,3
Fe78Si7B15,True,10,3
Fe79(B2C)7,True,10,3
Fe79(B2Mo5)3,False,12,3
Fe79(B2P)7,True,10,3
Fe79(B2P5)3,True,11,3
Fe79(B2W)7,True,10,3
Fe79(B3P4)3,True,11,3
Fe79(B4C3)3,True,11,3
Fe79(B4P3)3,True,11,3
Fe79(B5P2)3,True,11,3
Fe79(B6C)3,True,10,3
Fe79(B6P)3,False,10,3
Fe79(BP2)7,True,10,3
Fe79(BP6)3,True,10,3
Fe79(Cu5B2)3,False,12,3
Fe79(Ni5B2)3,False,12,3
Fe79(SiB2)7,True,11,3
Fe79(W2C)7,False,10,3
Fe79.5Cu0.5B20,True,14,3
Fe79.5Si3.5B17,True,14,3
Fe79B10F11,True,10,3
Fe79B10P11,True,10,3
Fe79B11P10,True,10,3
Fe79B13P8,True,9,3
Fe79B16Mo5,True,10,3
Fe79B16P5,True,9,3
Fe79B17P4,True,9,3
Fe79B20Mo,True,9,3
Fe79B20W,True,8,3
Fe79B21,True,7,2
Fe79B8P13,True,9,3
Fe79Co4B17,True,10,3
Fe79Cu5B16,False,10,3
Fe79CuB20,False,9,3
Fe79Ni5B16,True,10,3
Fe79W16C5,False,9,3
Fe7B2Mo,True,7,3
Fe7BMo2,True,7,3
Fe7CoB2,True,7,3
Fe7CuB2,False,7,3
Fe7Ni2B,False,7,3
Fe7Ni76B17,True,10,3
Fe7Ni7B6,True,8,3
Fe7Ni9B4,True,8,3
Fe7Ni9P4,True,8,3
Fe7NiB2,True,7,3
Fe7Si20Pd73,True,11,3
Fe7Si2B,True,7,3
Fe7Si2C,True,7,3
Fe7SiB2,True,7,3
Fe7SiC2,True,7,3
Fe7WC2,False,6,3
Fe80.5B17Mo2.5,True,14,3
Fe80.5B17W2.5,True,13,3
Fe80.5Ni2.5B17,True,14,3
Fe80.5P13C6.5,True,13,3
Fe80.5P15C4.5,True,13,3
Fe80B11C9,True,9,3
Fe80B11P9,True,9,3
Fe80B13C7,True,9,3
Fe80B13P7,True,9,3
Fe80B17C3,True,9,3
Fe80B17P3,False,9,3
Fe80B7P13,True,9,3
Fe80B9C11,True,9,3
Fe80B9P11,True,9,3
Fe80Co3B17,True,10,3
Fe80Ni3B17,True,10,3
Fe80P12.5C7.5,True,13,3
Fe80P13C7,True,9,3
Fe80P17.5C2.5,True,13,3
Fe80P7.5C12.5,True,13,3
Fe80Si10.5P9.5,True,14,3
Fe80Si11B9,False,10,3
Fe80Si12.5B7.5,True,14,3
Fe80Si2.5B17.5,True,14,3
Fe80Si2.5P17.5,True,14,3
Fe80Si3B17,True,10,3
Fe80Si7.5B12.5,True,14,3
Fe80Si7P13,True,10,3
Fe80Si9P11,True,10,3
Fe81.5B18.5,True,11,2
Fe81.5Cu0.5B18,True,14,3
Fe81.5Cu1.5B17,True,14,3
Fe81.5P15C3.5,True,13,3
Fe81.5Si12.5B6,False,14,3
Fe81.5Si4B14.5,True,14,3
Fe81B10C9,True,9,3
Fe81B10P9,True,9,3
Fe81B12C7,True,9,3
Fe81B12Mo7,True,10,3
Fe81B12P7,True,9,3
Fe81B12W7,True,9,3
Fe81B14C5,True,9,3
Fe81B14Mo5,True,10,3
Fe81B14P5,True,9,3
Fe81B16C3,True,9,3
Fe81B16P3,True,9,3
Fe81B17F2,True,9,3
Fe81B19,True,7,2
Fe81B4Mo15,False,10,3
Fe81B6P13,True,9,3
Fe81B7P12,True,9,3
Fe81B8P11,True,9,3
Fe81B9P10,True,9,3
Fe81Co2B17,True,10,3
Fe81Cu3B16,False,10,3
Fe81Cu5B14,False,10,3
Fe81CuB18,False,9,3
Fe81Ni15B4,False,10,3
Fe81Ni3B16,True,10,3
Fe81Ni5B14,True,10,3
Fe81Si4B15,True,10,3
Fe82(BC)9,True,9,3
Fe82(BP)9,True,9,3
Fe82(SiB5)3,True,11,3
Fe82.5B17.5,True,11,2
Fe82.5P10C7.5,False,13,3
Fe82.5P12.5C5,False,13,3
Fe82.5P15C2.5,True,13,3
Fe82.5P7.5C10,False,13,3
Fe82.5Si10B7.5,False,14,3
Fe82.5Si5B12.5,True,14,3
Fe82B11C7,True,9,3
Fe82B7P11,True,9,3
Fe82CoB17,True,9,3
Fe82P11.5C6.5,True,13,3
Fe82Si5B13,True,10,3
Fe82SiB17,True,9,3
Fe82Sn1.5B16.5,True,14,3
Fe83.5Cu0.5B16,True,14,3
Fe83.5Si6.5B10,False,14,3
Fe83B10C7,True,9,3
Fe83B10P7,True,9,3
Fe83B12C5,True,9,3
Fe83B12Mo5,True,10,3
Fe83B12P5,True,9,3
Fe83B14C3,True,9,3
Fe83B14P3,True,9,3
Fe83B17,True,7,2
Fe83B2.3P14.7,True,13,3
Fe83B2Mo15,False,10,3
Fe83B3P14,False,9,3
Fe83B5P12,True,9,3
Fe83B6P11,True,9,3
Fe83B7P10,True,9,3
Fe83B8C9,True,8,3
Fe83B8P9,True,8,3
Fe83B9Mo8,False,9,3
Fe83Cu3B14,False,10,3
Fe83Cu5B12,False,10,3
Fe83CuB16,False,9,3
Fe83Ni15B2,False,10,3
Fe83Ni3B14,True,10,3
Fe83Ni5B12,False,10,3
Fe83NiB16,True,9,3
Fe83Si11B6,False,10,3
Fe83Si2B15,True,10,3
Fe83Si3B14,True,10,3
Fe83Si4B13,True,10,3
Fe83Si5B12,True,10,3
Fe83Si7B10,False,10,3
Fe83Si8B9,False,9,3
Fe83SiB16,True,9,3
Fe84B11C5,True,9,3
Fe84B5P11,False,9,3
Fe84B7P9,False,8,3
Fe84Si3B13,True,10,3
Fe84SiB15,True,9,3
Fe85(B4C)3,True,10,3
Fe85(CuB4)3,False,11,3
Fe85(NiB4)3,False,11,3
Fe85.5Cu0.5B14,True,14,3
Fe85B11P4,False,9,3
Fe85B7Mo8,False,9,3
Fe85B8C7,True,8,3
Fe85CuB14,False,9,3
Fe85NiB14,True,9,3
Fe85P12.5C2.5,False,13,3
Fe85P7.5C7.5,False,12,3
Fe85Si2B13,False,10,3
Fe86(BC)7,True,9,3
Fe86.5Cu0.5B13,True,14,3
Fe87B13,True,7,2
Fe87B8Mo5,False,9,3
Fe87Cu3B10,False,10,3
Fe87Cu5B8,False,9,3
Fe87CuB12,False,9,3
Fe87Ni5B8,False,9,3
Fe87NiB12,False,9,3
Fe89B6F5,False,8,3
Fe89B6Mo5,False,9,3
Fe89Cu3B8,False,9,3
Fe89Cu5B6,False,9,3
Fe89CuB10,False,9,3
Fe89Ni3B8,False,9,3
Fe89Ni5B6,False,9,3
Fe89NiB10,False,9,3
Fe8BC,True,5,3
Fe8BMo,True,6,3
Fe8BP,True,5,3
Fe8Co75B17,True,10,3
Fe8CuB,False,6,3
Fe8GeB,True,6,3
Fe8NiB,True,6,3
Fe8PC,True,5,3
Fe8SiB,True,6,3
Fe8SiP,True,6,3
Fe9(BN)8,True,8,3
Fe91(CuB2)3,False,11,3
Fe91B4Mo5,False,9,3
Fe91B7F2,False,8,3
Fe91B9,True,6,2
Fe91Cu5B4,False,9,3
Fe91CuB8,False,8,3
Fe91Ni5B4,False,9,3
Fe91NiB8,False,8,3
Fe93B2Mo5,False,9,3
Fe93CuB6,False,8,3
Fe93Ni3B4,False,9,3
Fe93NiB6,False,8,3
Fe95CuB4,False,8,3
Fe95NiB4,False,8,3
Fe9Ag11,False,7,2
FeAg,False,4,2
FeB5Mo14,True,8,3
FeB5W14,True,7,3
FeCo14B5,True,8,3
FeCo15B4,True,8,3
FeCo3B,True,6,3
FeCo7B2,True,7,3
FeCu33Ag16,False,10,3
FeCu9,False,5,2
FeNi,True,4,2
FeNi14B5,True,8,3
FeNi15P4,True,8,3
FeNi3B,True,6,3
FeNi3P,True,6,3
FeNi79P20,True,9,3
FeNi7P2,True,7,3
Ga10Fe73B17,True,11,3
Ga2Fe81B17,True,10,3
Ga4Fe79B17,True,10,3
Ga6Fe77B17,True,10,3
Ga8Fe75B17,True,10,3
Gd0.3Zr10Fe89.7,True,15,3
Gd11Al5Ni4,True,10,3
Gd11Al9,True,7,2
Gd12.9Co73Mo14.1,True,16,3
Gd14Co70.6Mo15.4,True,16,3
Gd14Si11,True,8,2
Gd19.4Co72.8Mo7.8,True,17,3
Gd2(Al5Ni)3,True,11,3
Gd2Al17Ni,True,9,3
Gd2Al23,True,7,2
Gd2Al7Ni,False,8,3
Gd33.3Al33.4Fe33.3,True,18,3
Gd3Al13Cu4,True,10,3
Gd3Al13Ni4,True,10,3
Gd3Al14Ni3,True,10,3
Gd3Al15Ni2,False,10,3
Gd3Al16Ni,False,9,3
Gd3Al17,False,7,2
Gd3Al2,True,6,2
Gd3Al22,True,7,2
Gd3Al47,False,7,2
Gd3Au,True,5,2
Gd3Zr5Fe42,False,10,3
Gd5(Al14Ni)3,True,12,3
Gd5.5Al89Fe5.5,True,14,3
Gd5Al37Ni8,True,10,3
Gd5Al83Ni12,True,11,3
Gd5Al87Ni8,True,10,3
Gd6.4Al87.2Fe6.4,True,16,3
Gd67.5B10Au22.5,True,15,3
Gd6Al39Ni5,True,10,3
Gd7(Al29Ni2)3,True,13,3
Gd7.3Al85.4Fe7.3,True,16,3
Gd7Al83Ni10,True,11,3
Gd8.2Al83.6Fe8.2,True,16,3
Gd8.4Co75.6Mo16,True,15,3
Gd8Al85Ni7,True,10,3
Gd9.1Al81.8Fe9.1,True,16,3
Gd9Al11,True,7,2
Gd9Al81Ni10,True,11,3
Gd9Al83Ni8,True,10,3
Gd9Al85Ni6,True,10,3
GdAl,True,4,2
GdAl15Ni4,False,9,3
GdAl16Ni3,True,9,3
GdAl17Ni2,True,9,3
GdAl18Ni,True,8,3
GdAl3Ni,False,7,3
GdAl7Ni2,True,8,3
GdAl8Fe,True,7,3
GdAl8Ni,True,7,3
GdAl9,True,5,2
GdZr5Fe44,True,9,3
Ge21Pd79,True,8,2
Hf(Cu2Ni)3,False,10,3
Hf(CuNi)2,True,9,3
Hf(CuNi2)3,False,10,3
Hf10Cu7Ni3,True,10,3
Hf10Nb7Si3,True,10,3
Hf10V7Si3,True,9,3
Hf11(Cu2Ni)3,True,12,3
Hf11(CuNi2)3,True,12,3
Hf11(Nb2Si)3,True,12,3
Hf11(V2Si)3,True,11,3
Hf11(Zr2Si)3,True,12,3
Hf11Cu4Ni5,True,10,3
Hf11Cu5Ni4,True,10,3
Hf11Fe54.9O34.1,False,15,3
Hf11TaFe38,True,10,3
Hf12.2Fe51.5O36.3,False,17,3
Hf12Nb5Si3,True,10,3
Hf12V5Si3,True,9,3
Hf13.7Fe50.2O36.1,True,17,3
Hf13Al2Cu5,True,10,3
Hf13Al2Ni5,True,10,3
Hf13Cu4Ni3,True,10,3
Hf13Nb4Si3,True,10,3
Hf13Ta17Fe70,True,12,3
Hf13V4Si3,True,9,3
Hf14(NbSi)3,True,11,3
Hf14(VSi)3,True,10,3
Hf15.2Zr60.8Fe24,True,16,3
Hf15Cu2Ni3,True,10,3
Hf15Cu4Ni,False,9,3
Hf15Nb2Si3,True,10,3
Hf15V2Si3,True,9,3
Hf16NbSi3,True,9,3
Hf16VSi3,True,8,3
Hf17Si3,True,7,2
Hf18.2Fe46.2O35.6,True,17,3
Hf19(TaFe8)9,True,12,3
Hf2(Zr5Si)3,True,11,3
Hf2.1Fe88.4O9.5,False,15,3
Hf21Nb22Cu57,True,12,3
Hf22.8Zr53.2Fe24,True,16,3
Hf23Nb20Cu57,True,12,3
Hf25Zr32Be43,True,12,3
Hf28(Nb5Cu19)3,True,14,3
Hf28.8Nb33Cu38.2,True,16,3
Hf2Cu2Ni,True,8,3
Hf2Cu3,True,6,2
Hf2Cu3Ni5,True,9,3
Hf2Cu5Ni3,True,9,3
Hf2Cu7Ni,False,8,3
Hf2CuNi,True,7,3
Hf2CuNi2,True,8,3
Hf2CuNi7,True,8,3
Hf2Ni3,True,6,2
Hf2Ta3Fe5,True,9,3
Hf2Ta7Fe16,True,10,3
Hf30.1Nb30Cu39.9,True,16,3
Hf32.3Nb25Cu42.7,True,16,3
Hf33Nb10Cu57,True,12,3
Hf34.2Zr41.8Fe24,True,16,3
Hf34.4Nb20Cu45.6,True,16,3
Hf36.6Nb15Cu48.4,True,16,3
Hf37Fe63,True,8,2
Hf38.7Nb10Cu51.3,True,16,3
Hf38Nb5Cu57,True,11,3
Hf3Cu2,True,6,2
Hf3Cu2Ni5,True,9,3
Hf3Cu3Ni4,True,9,3
Hf3Cu4Ni3,True,9,3
Hf3Cu5Ni2,True,9,3
Hf3Cu6Ni,True,8,3
Hf3Cu7,True,6,2
Hf3CuNi,True,7,3
Hf3CuNi6,True,8,3
Hf3Ni2,True,6,2
Hf3Ni7,True,6,2
Hf3Ta2Fe5,True,9,3
Hf4(CuNi)3,True,10,3
Hf40.9Nb5Cu54.1,True,15,3
Hf41Nb44Si15,True,12,3
Hf42.6Nb1Cu56.4,True,15,3
Hf42Nb43Si15,True,12,3
Hf42NbCu57,True,10,3
Hf43(Nb14Si5)3,True,14,3
Hf44Nb41Si15,True,12,3
Hf46(Nb13Si5)3,True,14,3
Hf47Nb38Si15,True,12,3
Hf48Nb37Si15,True,12,3
Hf49(Nb12Si5)3,True,14,3
Hf4Cu5Ni,True,8,3
Hf4CuNi5,True,8,3
Hf4Ta31Fe65,True,11,3
Hf4TaFe5,True,8,3
Hf4Zr13Si3,True,10,3
Hf51Nb34Si15,True,12,3
Hf51V34Si15,True,11,3
Hf52(Nb11Si5)3,True,14,3
Hf52(V11Si5)3,True,13,3
Hf53Nb32Si15,True,12,3
Hf53V32Si15,True,11,3
Hf54Nb31Si15,True,12,3
Hf54V31Si15,True,11,3
Hf54Zr3Be43,True,11,3
Hf56Nb29Si15,True,12,3
Hf56V29Si15,True,11,3
Hf57Nb28Si15,True,12,3
Hf57V28Si15,True,11,3
Hf58(Nb9Si5)3,True,13,3
Hf58(V9Si5)3,True,12,3
Hf59Nb26Si15,True,12,3
Hf59V26Si15,True,11,3
Hf5Cu2Ni3,True,9,3
Hf5Cu3Ni2,True,9,3
Hf5Cu4Ni,True,8,3
Hf5CuNi4,True,8,3
Hf5Zr52Be43,True,11,3
Hf61(Nb8Si5)3,True,13,3
Hf61(V8Si5)3,True,12,3
Hf62Nb23Si15,True,12,3
Hf62V23Si15,True,11,3
Hf63Nb22Si15,True,12,3
Hf63V22Si15,True,11,3
Hf64(Nb7Si5)3,True,13,3
Hf64(V7Si5)3,True,12,3
Hf66Nb19Si15,True,12,3
Hf66V19Si15,True,11,3
Hf67(Co10P)3,True,12,3
Hf67(Co8Si3)3,True,13,3
Hf67(Nb6Si5)3,True,13,3
Hf67(Ni9P2)3,True,12,3
Hf67(V6Si5)3,True,12,3
Hf67Co33,True,8,2
Hf67Ni33,True,8,2
Hf68Nb17Si15,True,12,3
Hf68V17Si15,True,11,3
Hf69Nb16Si15,True,12,3
Hf69V16Si15,True,11,3
Hf6Cu3Ni,True,8,3
Hf6CuNi3,True,8,3
Hf6Zr11Si3,True,10,3
Hf7(Fe27B4)3,True,12,3
Hf7(Fe29B2)3,True,12,3
Hf7.6Zr68.4Fe24,True,15,3
Hf71Nb14Si15,True,12,3
Hf71V14Si15,True,11,3
Hf72Nb13Si15,True,12,3
Hf72V13Si15,True,11,3
Hf73(Nb4Si5)3,True,13,3
Hf73(V4Si5)3,True,12,3
Hf74Nb11Si15,True,12,3
Hf74V11Si15,True,11,3
Hf76(Nb3Si5)3,True,13,3
Hf76(V3Si5)3,True,12,3
Hf77Nb8Si15,True,11,3
Hf77V8Si15,True,10,3
Hf78Nb7Si15,True,11,3
Hf78V7Si15,True,10,3
Hf79(Nb2Si5)3,True,13,3
Hf79(V2Si5)3,True,12,3
Hf7Cu2Ni,True,8,3
Hf7Cu3,True,6,2
Hf7CuNi2,True,8,3
Hf7Fe77B16,True,10,3
Hf7Fe85B8,True,9,3
Hf7Fe89B4,True,9,3
Hf7Fe91B2,True,9,3
Hf7Ni3,True,6,2
Hf8(Nb3Si)3,True,11,3
Hf8(Zr3Si)3,True,11,3
Hf81Nb4Si15,True,11,3
Hf81V4Si15,True,10,3
Hf82(NbSi5)3,True,12,3
Hf82(VSi5)3,True,11,3
Hf83Nb2Si15,True,11,3
Hf83V2Si15,True,10,3
Hf84NbSi15,True,10,3
Hf84VSi15,True,9,3
Hf8CuNi,False,7,3
Hf9.5Fe48.9O41.6,False,16,3
Hf9.8Fe87.9B2.3,True,15,3
Hf9Cu6Ni5,True,9,3
Hf9Cu7Ni4,True,9,3
Hf9Cu8Ni3,True,9,3
Hf9Nb8Si3,True,9,3
HfCu,True,4,2
HfCu2Ni7,False,8,3
HfCu3Ni,True,7,3
HfCu4Ni5,False,8,3
HfCu5Ni4,False,8,3
HfCu7Ni2,False,8,3
HfCuNi3,True,7,3
HfFe,True,4,2
HfNi,True,4,2
HfTa4Fe5,True,8,3
Ho(Fe5B)4,True,9,3
Ho2Fe19B4,True,9,3
HoFe41B8,True,8,3
La(Al2Ni)3,False,10,3
La(Al6Ni)7,True,10,3
La(AlCu)2,False,9,3
La(AlCu2)3,False,10,3
La(AlNi)2,True,9,3
La(AlNi2)3,False,10,3
La(Mg2Cu)3,True,10,3
La(Mg2Ni)3,True,10,3
La(MgCu)2,True,9,3
La(MgNi)2,True,9,3
La0.3Zr10Fe89.7,True,15,3
La10Al14Ni,True,10,3
La10Al3Ni7,True,10,3
La10Al7Cu3,True,10,3
La10Al7Ni3,True,10,3
La11(Al2Cu)3,True,12,3
La11(Al2Ni)3,True,12,3
La11(AlNi2)3,True,12,3
La11Al2Ni7,True,10,3
La11Al4Cu5,True,10,3
La11Al4Ni5,True,10,3
La11Al5Ag4,True,10,3
La11Al5Au4,True,10,3
La11Al5Co4,True,10,3
La11Al5Cr4,True,10,3
La11Al5Cu4,True,10,3
La11Al5Fe4,True,10,3
La11Al5Ni4,True,10,3
La11Al5Pt4,True,10,3
La11Al5Zn4,True,10,3
La11Al7Cu2,True,10,3
La11Al7Ni2,True,10,3
La11Al8Ni,True,9,3
La11AlNi8,True,9,3
La11Cu44.5Au44.5,True,16,3
La11Mn4Al5,True,10,3
La12Al3Cu5,True,10,3
La12Al3Ni5,True,10,3
La12Al5Cu3,True,10,3
La12Al5Ni3,True,10,3
La12Al7Ni,True,9,3
La12Mg5Ni8,True,10,3
La12Ni13,True,8,2
La13(Al25Ni4)3,True,14,3
La13(Al27Ni2)3,True,14,3
La13Al2Ni5,True,10,3
La13Al3Ni4,True,10,3
La13Al4Ni3,True,10,3
La13Al5Cu2,True,10,3
La13Al5Ni2,True,10,3
La13Al6Ni,True,9,3
La13Al71Ni16,True,12,3
La13Al73Ni14,True,12,3
La13Al77Ni10,True,12,3
La13Al79Ni8,True,11,3
La13Al83Ni4,True,11,3
La13Al85Ni2,True,11,3
La13AlNi6,True,9,3
La14(AlNi)3,True,11,3
La14Al5Ni,True,9,3
La14Al69Ni17,True,12,3
La15Al2Ni3,True,10,3
La15Al3Ni2,True,10,3
La15Al3Ni32,True,11,3
La15Al4Ni,True,9,3
La15AlNi4,True,9,3
La16Al3Ni,True,9,3
La16Al3Ni31,True,11,3
La16Al67Ni17,True,12,3
La17AlNi2,True,9,3
La18Al65Ni17,True,12,3
La2(Al5Ni)3,True,11,3
La2(CuAu)9,True,10,3
La2(Mg5Cu)3,False,11,3
La2(Mg5Ni)3,True,11,3
La20Al21Ni59,True,12,3
La20Al63Ni17,True,12,3
La20AlNi29,True,10,3
La21Al28Ni,True,10,3
La21AlNi28,True,10,3
La22Al19Ni59,True,12,3
La22Al61Ni17,True,12,3
La22AlNi27,True,10,3
La24Al17Ni59,True,12,3
La24Al59Ni17,True,12,3
La26Al15Ni59,True,12,3
La26Al57Ni17,True,12,3
La27Al11Ni62,True,12,3
La27Al9Ni64,True,11,3
La28Al55Ni17,True,12,3
La2Al16Ni7,True,10,3
La2Al17Cu,True,9,3
La2Al17Ni,True,9,3
La2Al23,True,7,2
La2Al2Cu,False,8,3
La2Al2Ni,True,8,3
La2Al3,False,6,2
La2Al3Cu5,False,9,3
La2Al3Ni5,True,9,3
La2Al5Cu3,False,9,3
La2Al5Ni3,True,9,3
La2Al7Ni,False,8,3
La2AlCu,True,7,3
La2AlCu2,True,8,3
La2AlCu7,False,8,3
La2AlNi,True,7,3
La2AlNi2,True,8,3
La2AlNi7,False,8,3
La2Mg13Ni5,True,10,3
La2Mg13Zn5,True,10,3
La2Mg17Ni,False,9,3
La2Mg18Zn5,True,10,3
La2Mg2Cu,True,8,3
La2Mg2Ni,False,8,3
La2Mg37Zn11,True,11,3
La2Mg3Cu5,True,9,3
La2Mg5Cu3,True,9,3
La2Mg5Ni3,True,9,3
La2Mg7Ni,True,8,3
La2MgCu2,False,8,3
La2Ni3,False,6,2
La3(Mg10Ni)2,True,12,3
La30Al53Ni17,True,12,3
La32Al53Ni15,True,12,3
La34Al53Ni13,True,12,3
La36Al53Ni11,True,12,3
La37(Al19Ni2)3,True,14,3
La37Al53Ni10,True,12,3
La37Al55Ni8,True,11,3
La39Al2Ni59,True,11,3
La3Al10Ni7,False,10,3
La3Al13Ni4,True,10,3
La3Al14Ni3,False,10,3
La3Al15Ni2,False,10,3
La3Al15Ni7,True,10,3
La3Al16Ni,False,9,3
La3Al2,True,6,2
La3Al2Cu5,True,9,3
La3Al2Ni5,True,9,3
La3Al33Ni14,True,11,3
La3Al3Cu4,True,9,3
La3Al3Ni4,True,9,3
La3Al44Ni3,True,10,3
La3Al4Cu3,False,9,3
La3Al4Ni3,True,9,3
La3Al5Cu2,False,9,3
La3Al5Ni2,True,9,3
La3Al6Ni,False,8,3
La3Al6Ni11,False,10,3
La3Al7,False,6,2
La3Al8Ni9,False,9,3
La3AlCu,True,7,3
La3AlCu6,False,8,3
La3AlNi,True,7,3
La3AlNi6,True,8,3
La3Cu2,False,6,2
La3Fe81B16,True,10,3
La3Mg10Ni7,True,10,3
La3Mg11Ni6,True,10,3
La3Mg12Ni5,True,10,3
La3Mg13Ni4,True,10,3
La3Mg14Cu3,False,10,3
La3Mg14Ni3,True,10,3
La3Mg15Ni2,True,10,3
La3Mg16Ni,False,9,3
La3Mg2Cu5,False,9,3
La3Mg3Cu4,True,9,3
La3Mg3Ni4,True,9,3
La3Mg4Cu3,True,9,3
La3Mg4Ni3,True,9,3
La3Mg5Cu2,True,9,3
La3Mg5Ni2,True,9,3
La3Mg6Ni,False,8,3
La3Mg72Zn25,True,11,3
La3Mg75Zn22,True,11,3
La3Ni2,True,6,2
La3Ni7,False,6,2
La3Zr5Fe42,True,10,3
La4(Al2Ni)7,True,11,3
La4(AlNi)3,True,10,3
La4(MgCu)3,True,10,3
La41AlNi8,True,9,3
La43Al3Ni4,True,10,3
La43Al4Ni3,True,10,3
La43Al57,True,8,2
La43Al5Ni2,True,10,3
La49AlNi50,True,10,3
La4Al,True,5,2
La4Al11Ni5,True,10,3
La4Al45Ni,True,9,3
La4Al5Cu,False,8,3
La4Al5Ni,True,8,3
La4Al5Ni11,True,10,3
La4AlCu5,False,8,3
La4AlNi5,True,8,3
La4Cu,False,5,2
La4Mg11Cu5,True,10,3
La4Mg11Ni5,True,10,3
La4Mg13Ni3,True,10,3
La4Mg5Cu,False,8,3
La4Mg5Ni,True,8,3
La4Mg7Ni9,True,9,3
La4Mg9Ni7,True,9,3
La4MgNi5,False,8,3
La4Ni,True,5,2
La5(Al14Ni)3,True,12,3
La5(Al2Ni3)3,True,12,3
La5(Al3Ni2)3,True,12,3
La5(AlNi4)3,False,11,3
La5(Mg3Ni2)3,True,12,3
La5Al13Ni2,False,10,3
La5Al14Ni,False,9,3
La5Al2Ni13,False,10,3
La5Al2Ni3,True,9,3
La5Al31Ni14,True,11,3
La5Al3Cu2,True,9,3
La5Al3Ni2,True,9,3
La5Al44Ni,True,9,3
La5Al4Cu,False,8,3
La5Al4Ni,True,8,3
La5Al7Ni8,True,9,3
La5Al87Ni8,True,10,3
La5Al8Ni7,True,9,3
La5Al91Ni4,True,10,3
La5AlNi4,True,8,3
La5Mg11Cu4,False,10,3
La5Mg2Cu3,False,9,3
La5Mg2Ni3,False,9,3
La5Mg3Cu2,False,9,3
La6(AlNi)7,True,10,3
La62.5Cu37.5,True,12,2
La63Cu37,True,8,2
La6Al11Ni3,False,10,3
La6Al13Ni,False,9,3
La6Al3Cu,True,8,3
La6Al3Ni,True,8,3
La6Al3Ni11,True,10,3
La6Al5Ni9,True,9,3
La6Al85Ni9,True,10,3
La6Al9Ni5,True,9,3
La6AlCu3,True,8,3
La6AlNi3,True,8,3
La6Mg11Cu3,False,10,3
La6Mg15Ni4,True,10,3
La6Mg9Cu5,True,9,3
La6Mg9Ni5,True,9,3
La7.5Al85Mo7.5,True,14,3
La7.5Nb7.5Al85,True,14,3
La7.5Zr7.5Al85,True,14,3
La73Cu27,True,8,2
La7Al10Ni3,True,10,3
La7Al11Ni2,False,10,3
La7Al29Ni14,True,11,3
La7Al2Cu,False,8,3
La7Al2Ni,True,8,3
La7Al2Ni11,True,10,3
La7Al3,True,6,2
La7Al43,True,7,2
La7Al4Ni9,True,9,3
La7Al6Cu7,True,9,3
La7Al6Ni7,True,9,3
La7Al7Ni6,True,9,3
La7Al88Ni5,True,10,3
La7Al89Ni4,True,10,3
La7Al8Ni5,True,9,3
La7Al91Ni2,True,10,3
La7Al9Ni4,True,9,3
La7AlCu2,False,8,3
La7AlNi2,True,8,3
La7Mg10Ni3,True,10,3
La7Mg71Zn22,True,11,3
La7Ni3,True,6,2
La8(Al3Ni)3,True,11,3
La8(Al9Ni5)3,True,12,3
La8(AlNi3)3,True,11,3
La8(Mg3Cu)3,True,11,3
La81AlNi18,True,10,3
La83Al3Ni14,True,11,3
La83Al5Ni12,True,11,3
La87Al11Ni2,True,11,3
La87Al13,True,8,2
La8Al11Ni,True,9,3
La8Al5Cu7,True,9,3
La8Al5Ni7,True,9,3
La8Al7Ni5,True,9,3
La8AlCu,False,7,3
La8AlNi,True,7,3
La8AlNi11,True,9,3
La8Mg67Zn25,True,11,3
La8Mg7Cu5,True,9,3
La9(Mg5Ni3)2,True,12,3
La9Al,False,5,2
La9Al10Ni,True,9,3
La9Al11,True,7,2
La9Al12Ni29,True,11,3
La9Al13Ni28,True,11,3
La9Al14Ni27,True,11,3
La9Al15Ni26,True,11,3
La9Al16Ni25,True,11,3
La9Al17Ni24,True,11,3
La9Al18Ni23,True,11,3
La9Al19Ni22,True,11,3
La9Al20Ni21,True,11,3
La9Al21Ni20,True,11,3
La9Al22Ni19,True,11,3
La9Al23Ni18,True,11,3
La9Al24Ni17,True,11,3
La9Al25Ni16,True,11,3
La9Al2Ni9,True,9,3
La9Al4Ni7,True,9,3
La9Al5Ni6,True,9,3
La9Al6Ni5,True,9,3
La9Al7Ni4,True,9,3
La9Al8Ni3,True,9,3
La9Al9Ni2,True,9,3
La9AlNi15,True,9,3
La9Cu36.4Au54.6,True,15,3
La9Cu45.5Au45.5,True,15,3
La9Cu68.25Au22.75,True,17,3
La9Mg35Ni6,True,10,3
La9Mg85Ni6,True,10,3
La9Ni,False,5,2
LaAl,True,4,2
LaAl14Ni5,True,9,3
LaAl15Ni4,True,9,3
LaAl17Cu2,False,9,3
LaAl17Ni2,True,9,3
LaAl17Ni7,True,9,3
LaAl18Cu,True,8,3
LaAl18Ni,False,8,3
LaAl2Ni,True,7,3
LaAl2Ni7,False,8,3
LaAl36Ni13,True,10,3
LaAl37Ni12,True,10,3
LaAl38Ni11,True,10,3
LaAl39Ni10,True,10,3
LaAl3Ni,True,7,3
LaAl4,False,5,2
LaAl40Ni9,True,9,3
LaAl41Ni8,True,9,3
LaAl43Ni6,True,9,3
LaAl44Ni5,True,9,3
LaAl4Ni5,False,8,3
LaAl5Cu4,False,8,3
LaAl5Ni4,False,8,3
LaAl7Cu2,False,8,3
LaAl8Cu,False,7,3
LaAl8Ni,True,7,3
LaAl9,True,5,2
LaAlCu3,False,7,3
LaAlCu8,False,7,3
LaAlNi3,False,7,3
LaAlNi8,False,7,3
LaCu,False,4,2
LaMg11Cu8,True,9,3
LaMg13Cu6,True,9,3
LaMg14Zn5,True,9,3
LaMg15Cu4,True,9,3
LaMg15Ni4,True,9,3
LaMg15Zn4,True,9,3
LaMg16Cu3,True,9,3
LaMg16Ni3,True,9,3
LaMg17Ni2,True,9,3
LaMg18Ni,False,8,3
LaMg19Zn5,True,9,3
LaMg2Cu,False,7,3
LaMg2Ni,True,7,3
LaMg3Cu,False,7,3
LaMg3Ni,True,7,3
LaMg4Cu5,True,8,3
LaMg5Cu4,True,8,3
LaMg5Ni4,True,8,3
LaMg7Cu2,True,8,3
LaMg7Ni2,True,8,3
LaMg7Zn2,True,8,3
LaMg8Cu,False,7,3
LaMg8Ni,True,7,3
LaNi,False,4,2
LaZr5Fe44,True,9,3
Mg,False,2,1
Mg10AlZn9,True,9,3
Mg10Ti53Al37,True,12,3
Mg11(Al8Pd5)3,False,13,3
Mg11Al2Ag7,True,10,3
Mg11Al4Ag5,True,10,3
Mg11Ti14Al25,False,12,3
Mg11Ti25Al14,True,12,3
Mg11Ti29Al60,True,12,3
Mg11Ti32Al57,True,12,3
Mg11Zn9,False,7,2
Mg12AlZn7,True,9,3
Mg12Ti7Al,False,9,3
Mg13(Ti18Al11)3,True,15,3
Mg13(Ti2Al)29,True,13,3
Mg13(Ti9Al20)3,False,14,3
Mg13Al2Ag5,True,10,3
Mg13Al2Zn5,True,10,3
Mg13AlZn6,True,9,3
Mg13Ti12,False,8,2
Mg13Ti19Al68,False,12,3
Mg13Zn7,True,7,2
Mg14(AlZn)3,False,11,3
Mg14AlZn5,True,9,3
Mg15Al2Ag3,True,10,3
Mg15Al2Zn3,True,10,3
Mg15Al3Zn2,False,10,3
Mg15AlZn4,True,9,3
Mg15Ti32Al53,True,12,3
Mg15Ti49Al36,False,12,3
Mg16Al27Pd7,False,11,3
Mg16Al3Zn,False,9,3
Mg16AlZn3,False,9,3
Mg17Al2Zn,False,9,3
Mg17Al52Pd31,False,12,3
Mg17Al71Pd12,True,12,3
Mg17AlZn2,False,9,3
Mg17Cu3,False,7,2
Mg17Mn3,False,7,2
Mg17Ni3,True,7,2
Mg17Ti36Al47,False,12,3
Mg17Ti60Al23,False,12,3
Mg17Zn3,False,7,2
Mg18Al25Pd7,False,11,3
Mg18AlZn,False,8,3
Mg18Ti27Al55,False,12,3
Mg19(AlGa)3,True,11,3
Mg19(AlGa2)2,True,12,3
Mg19Mn,False,6,2
Mg19Zn,False,6,2
Mg20Al23Pd7,False,11,3
Mg20Ti43Al37,False,12,3
Mg21Al53Pd26,True,12,3
Mg22(Al3Pd)7,False,12,3
Mg22Ti67Al11,False,12,3
Mg23(AlGa2)9,True,12,3
Mg23(Ti2Al5)11,False,14,3
Mg23Ti20Al7,False,11,3
Mg23Ti61Al16,False,12,3
Mg27Ti43Al30,False,12,3
Mg27Ti45Al28,True,12,3
Mg27Ti52Al21,False,12,3
Mg2Al2Zn,False,8,3
Mg2AlZn2,False,8,3
Mg2Ti53Al45,True,11,3
Mg3(Ti6Al5)2,True,12,3
Mg30Ti43Al27,False,12,3
Mg31(Ti18Al5)3,False,14,3
Mg33Al67,False,8,2
Mg33Ti14Al3,False,11,3
Mg35(Zn4In)3,True,12,3
Mg35(Zn4Sn)3,True,12,3
Mg39Ti41Al20,False,12,3
Mg3Al11Pd6,False,10,3
Mg3Al17,False,7,2
Mg3AlZn,False,7,3
Mg3Cu2,True,6,2
Mg3Ti20Al77,False,11,3
Mg3Ti27Al70,False,11,3
Mg3Ti34Al63,True,11,3
Mg3Ti5Al17,True,10,3
Mg3Ti7Al10,True,10,3
Mg3Ti7Al15,True,10,3
Mg3Zn,True,5,2
Mg3Zn2,True,6,2
Mg4(AlZn)3,False,10,3
Mg41Ti50Al9,False,11,3
Mg44Al43Pd13,False,12,3
Mg45Al4Ga,False,9,3
Mg46Ti35Al19,False,12,3
Mg4Al5Zn,False,8,3
Mg4AlZn5,False,8,3
Mg4Cu,True,5,2
Mg4Ni,True,5,2
Mg4Zn,False,5,2
Mg51Ti40Al9,False,11,3
Mg5Al2Zn3,False,9,3
Mg5Al3Zn2,False,9,3
Mg5Al4Zn,False,8,3
Mg5Al74Pd21,False,11,3
Mg5AlZn4,False,8,3
Mg5Ti19Al26,True,11,3
Mg5Ti29Al66,True,11,3
Mg6(CuAg)7,True,10,3
Mg6Al3Zn,False,8,3
Mg6AlZn3,False,8,3
Mg6Ti61Al33,True,11,3
Mg7(Ti12Al19)3,True,14,3
Mg7(Ti18Al13)3,True,14,3
Mg7(Ti2Al)6,False,11,3
Mg70(Cu7Au3)3,True,13,3
Mg70(Cu9Au)3,True,12,3
Mg70Cu29Au,True,10,3
Mg77Ti23,False,8,2
Mg7Al2Zn,False,8,3
Mg7Al4Ag9,True,9,3
Mg7AlZn2,True,8,3
Mg7Cu3,True,6,2
Mg7Ni3,False,6,2
Mg7Ti49Al44,True,11,3
Mg7Zn3,True,6,2
Mg83Ti17,False,8,2
Mg89Al8Ga3,False,10,3
Mg89Al9Ga2,False,10,3
Mg8AlZn,False,7,3
Mg92.5Mn7.5,False,11,2
Mg9Al26Pd15,False,11,3
Mg9Al4Ag7,True,9,3
Mg9Cu,False,5,2
Mg9Mn,False,5,2
Mg9Ni,True,5,2
Mg9Ti11Al5,False,10,3
Mg9Ti21Al20,True,11,3
Mg9Ti28Al13,True,11,3
Mg9Ti44Al47,True,11,3
Mg9Zn,False,5,2
MgAl2Pd,False,7,3
MgCu,False,4,2
Mn(Al11Co)2,False,11,3
Mn(Al11Ni)2,False,11,3
Mn(Al29Ni4)3,True,12,3
Mn(Al2Ge)3,True,10,3
Mn(Al2Si)3,True,10,3
Mn(Al6Co)7,False,10,3
Mn(Al6Ni)7,False,10,3
Mn(Al7Co)3,False,10,3
Mn(Al7Ni)3,False,10,3
Mn(Al8Ni)11,True,11,3
Mn(Fe29B4)3,False,11,3
Mn(Fe31B2)3,False,11,3
Mn(Ge2Pd9)9,True,11,3
Mn0.5Al87.5Ni12,True,15,3
Mn10(Co4B)3,True,11,3
Mn10Al73Ge17,True,12,3
Mn10Co8B7,True,9,3
Mn11(Co9B4)3,True,12,3
Mn11Co11B3,True,10,3
Mn11Co25B14,True,11,3
Mn12Co7B6,True,9,3
Mn12Co8B5,True,9,3
Mn12Fe71P17,True,11,3
Mn12Nb15Co73,True,12,3
Mn13(CoB)6,True,10,3
Mn13.4Co53.6B33,True,15,3
Mn13.5Co54.5B32,True,15,3
Mn13.6Co54.4B32,True,15,3
Mn13Co31B6,True,10,3
Mn14.4Co57.6B28,True,15,3
Mn14FeB5,True,8,3
Mn15(Fe4P)17,True,12,3
Mn15.2Co60.8B24,True,15,3
Mn15.5Al76Cu8.5,False,15,3
Mn15Co61B24,True,11,3
Mn15Fe71B14,True,11,3
Mn15Fe73B12,False,11,3
Mn15Fe77B8,False,10,3
Mn15Fe79B6,False,10,3
Mn16(Co2B)3,True,11,3
Mn16.8Co67.2B16,True,15,3
Mn16Co5B4,True,9,3
Mn17(Co7B4)3,True,12,3
Mn17.4Al66.6Si16,False,16,3
Mn17.4Al68.6Si14,False,16,3
Mn17.4Al70.6Si12,False,16,3
Mn17.4Al72.5Si10.1,False,18,3
Mn17.4Al74.6Si8,False,15,3
Mn17.4Al76.6Si6,False,15,3
Mn17.4Al78.6Si4,False,15,3
Mn17.5Co70.5B12,True,15,3
Mn17.6Co70.4B12,True,15,3
Mn17.8Co71.2B11,True,15,3
Mn17Co25B8,True,10,3
Mn17Co67B16,True,11,3
Mn17Fe5B3,False,9,3
Mn18.5Co65.5B16,True,15,3
Mn18Al57Ge25,True,12,3
Mn18Fe5B2,False,9,3
Mn19(Nb5Co22)3,True,14,3
Mn19Co19B12,True,11,3
Mn19Co65B16,True,11,3
Mn1Al86.5Ni12.5,True,15,3
Mn2(Al15Co)3,False,12,3
Mn2(Al15Ni)3,False,12,3
Mn2(NbCo5)3,True,11,3
Mn2.5Al87Ni10.5,True,15,3
Mn2.5Fe80.5B17,True,14,3
Mn20Al53Si27,True,12,3
Mn21.6Co46.4B32,True,15,3
Mn21.6Co50.4B28,True,15,3
Mn21Co15B14,True,11,3
Mn21Co17B12,True,11,3
Mn21Co21B8,True,10,3
Mn21Co47B32,True,11,3
Mn21Co51B28,True,11,3
Mn22.8Co53.2B24,True,15,3
Mn23Co53B24,True,11,3
Mn23Co57B20,True,11,3
Mn25.2Co58.8B16,True,15,3
Mn25Co47B28,True,11,3
Mn25Co59B16,True,11,3
Mn26.4Co61.6B12,True,15,3
Mn26.5Co45.5B28,True,15,3
Mn26.5Co49.5B24,True,15,3
Mn26.6Co49.4B24,True,15,3
Mn26.8Co40.2B33,True,15,3
Mn27Co17B6,True,10,3
Mn27Co41B32,True,11,3
Mn27Co45B28,True,11,3
Mn27Co61B12,True,11,3
Mn28.8Co43.2B28,True,15,3
Mn28Co41B31,True,11,3
Mn29.5Co46.5B24,True,15,3
Mn29.5Co54.5B16,True,15,3
Mn29Co43B28,True,11,3
Mn2Al11Si7,True,10,3
Mn2Al13Si5,True,10,3
Mn2Al20Ni3,False,10,3
Mn2Al21Ni2,False,10,3
Mn2Al22Ni,False,9,3
Mn2Al23,False,7,2
Mn2Al41Ni7,False,10,3
Mn2Al43Co5,False,10,3
Mn2Al43Ni5,False,10,3
Mn2Al47Co,False,9,3
Mn2Al47Ni,False,9,3
Mn2Al5Si3,True,9,3
Mn2Al85Ni13,False,11,3
Mn2Al86.5Ni11.5,True,15,3
Mn2Al87Ni11,True,11,3
Mn2Al89Ni9,False,10,3
Mn2Co17B6,True,9,3
Mn2Co18B5,True,9,3
Mn2Co19B4,True,9,3
Mn2Co2B,True,7,3
Mn2Fe18B5,True,9,3
Mn2Nb15Co83,True,11,3
Mn30.4Co45.6B24,True,15,3
Mn30.5Co41.5B28,True,15,3
Mn30.5Co45.5B24,True,15,3
Mn31(Co19B4)3,True,13,3
Mn31Co41B28,True,11,3
Mn32.5Co47.5B20,True,15,3
Mn33.5Co50.5B16,True,15,3
Mn33.6Co50.4B16,True,15,3
Mn33Fe10B7,True,10,3
Mn35(Co3B2)3,True,12,3
Mn35.2Co52.8B12,True,15,3
Mn35.6Co53.4B11,True,15,3
Mn35Co37B28,True,11,3
Mn35Co49B16,True,11,3
Mn35Co53B12,True,11,3
Mn37(Co13B8)3,True,13,3
Mn38.5Co41.5B20,True,15,3
Mn39Co49B12,True,11,3
Mn3Al10Si7,True,10,3
Mn3Al11Si6,True,10,3
Mn3Al12Si5,True,10,3
Mn3Al13Cu4,False,10,3
Mn3Al13Si4,True,10,3
Mn3Al16Ni,False,9,3
Mn3Al40Ni7,False,10,3
Mn3Al41Ni6,False,10,3
Mn3Al42Ni5,False,10,3
Mn3Al43Co4,False,10,3
Mn3Al43Ni4,False,10,3
Mn3Al44Co3,False,10,3
Mn3Al44Ni3,False,10,3
Mn3Al45Co2,False,10,3
Mn3Al45Ni2,False,10,3
Mn3Al46Co,False,9,3
Mn3Al46Ni,False,9,3
Mn3Al47,False,7,2
Mn3Al9Si8,False,9,3
Mn3CoB,True,6,3
Mn3Fe15B2,False,9,3
Mn3Fe37B10,True,10,3
Mn3Fe81B16,True,10,3
Mn3Fe83B14,True,10,3
Mn3Fe85B12,False,10,3
Mn3Fe87B10,False,10,3
Mn3Fe89B8,False,9,3
Mn3Fe91B6,False,9,3
Mn3Fe93B4,False,9,3
Mn3Si10Pd37,True,11,3
Mn3Si20Pd77,True,11,3
Mn4(Nb5Co27)3,True,13,3
Mn40.5Co43.5B16,True,15,3
Mn43(Co11B8)3,True,13,3
Mn43(Co15B4)3,True,13,3
Mn43.5Co36.5B20,True,15,3
Mn43Co37B20,True,11,3
Mn47Co25B28,True,11,3
Mn49(Co13B4)3,True,13,3
Mn49(Co9B8)3,True,12,3
Mn49Co35B16,True,11,3
Mn4Al11Si5,True,10,3
Mn4Al13Ge3,False,10,3
Mn4Al13Si3,False,10,3
Mn4Al41Ni5,False,10,3
Mn4Al43Ni3,False,10,3
Mn4Al45Co,False,9,3
Mn4Al45Ni,False,9,3
Mn4Al83Ni13,False,11,3
Mn4Al9Si7,True,9,3
Mn4Co16B5,True,9,3
Mn4Fe16B5,True,9,3
Mn4Fe77B19,True,10,3
Mn5(Al7Ge8)3,True,12,3
Mn5(Co3B2)4,True,11,3
Mn5(Fe13B2)3,False,12,3
Mn5(Fe14B)3,False,11,3
Mn51.5Co28.5B20,True,15,3
Mn51Co33B16,True,11,3
Mn57Co27B16,True,11,3
Mn59.5Co24.5B16,True,15,3
Mn59Co25B16,True,11,3
Mn5Al8Si7,False,9,3
Mn5Co13B7,True,9,3
Mn5Co17B3,True,9,3
Mn5Fe37B8,True,9,3
Mn5Fe38B7,True,9,3
Mn5Fe41B4,False,9,3
Mn5Fe81B14,True,10,3
Mn5Fe83B12,False,10,3
Mn5Fe87B8,False,9,3
Mn5Fe89B6,False,9,3
Mn5Fe91B4,False,9,3
Mn5Ge18Pd77,True,11,3
Mn63Co21B16,True,11,3
Mn67Co17B16,True,11,3
Mn6Al69Ge25,True,11,3
Mn6Co11B8,True,9,3
Mn6Co13B6,True,9,3
Mn6Co14B5,True,9,3
Mn6Nb15Co79,True,11,3
Mn7(Co2B)6,True,10,3
Mn7(Ge6Pd25)3,True,13,3
Mn7.2Co64.8B28,True,14,3
Mn7.5Co67.5B25,True,14,3
Mn7.6Co68.4B24,True,14,3
Mn74(SiP)13,True,11,3
Mn74Si23P3,True,10,3
Mn7Al33Si10,True,11,3
Mn7Al85Ni8,False,10,3
Mn7Co13B5,True,9,3
Mn7Co27B16,True,10,3
Mn7Co29B14,True,10,3
Mn7Co61B32,True,10,3
Mn7Co65B28,True,10,3
Mn7Fe2B,False,7,3
Mn7Fe33B10,True,10,3
Mn7Si20Pd73,True,11,3
Mn8.4Co75.6B16,True,14,3
Mn85(Fe2B3)3,True,12,3
Mn8Co12B5,True,9,3
Mn8Nb15Co77,True,11,3
Mn9Co11B5,True,9,3
Mn9Co35B6,True,9,3
Mn9Co75B16,True,10,3
Mn9Co79B12,True,10,3
Mn9Co9B7,True,8,3
Mn9Fe31B10,True,10,3
Mn9Fe74P17,True,10,3
MnAl12Si7,False,9,3
MnAl14Si5,False,9,3
MnAl23Co,False,8,3
MnAl23Ni,False,8,3
MnAl24,False,6,2
MnAl2Si,False,7,3
MnAl3Si,False,7,3
MnAl43Co6,False,9,3
MnAl44Co5,False,9,3
MnAl44Ni5,True,9,3
MnAl45Co4,False,9,3
MnAl45Ni4,False,9,3
MnAl46Co3,False,9,3
MnAl46Ni3,False,9,3
MnAl47Co2,False,9,3
MnAl47Ni2,False,9,3
MnAl48Co,False,8,3
MnAl48Ni,False,8,3
MnAl49,False,6,2
MnAl5Ge4,True,8,3
MnAlCu2,False,7,3
MnCo3B,True,6,3
MnFe15B4,True,8,3
MnFe17B2,False,8,3
MnFe19B5,True,8,3
MnFe39B10,True,9,3
MnFe3B,True,6,3
MnFe7B2,True,7,3
MnFe83B16,True,9,3
MnFe85B14,True,9,3
MnFe89B10,False,9,3
MnFe8B,False,6,3
MnFe91B8,False,8,3
MnFe95B4,False,8,3
MnGe9Pd40,True,9,3
MnSi10Pd39,True,10,3
MnSi20Pd79,True,10,3
MnSi4Pd15,True,9,3
MnSi5Pd19,True,9,3
Mo12P5Rh8,True,9,3
Mo12P5Ru8,True,9,3
Mo16P5Ru4,True,9,3
Mo3Ru2,True,6,2
Mo4P5Ru16,True,9,3
Mo8P5Ru12,True,9,3
Nb10.3Fe80.3B9.4,True,16,3
Nb10Ni73B17,True,11,3
Nb11.5Ni71.5B17,True,15,3
Nb11Si4Mo5,True,10,3
Nb11V5Si4,False,9,3
Nb12Fe83B5,False,10,3
Nb12Fe85B3,False,10,3
Nb13Co77B10,True,11,3
Nb13Si4Mo3,True,10,3
Nb13Si4W3,False,9,3
Nb13V3Si4,True,9,3
Nb14Co81B5,True,10,3
Nb15Co73Ni12,True,12,3
Nb15Fe12Co73,True,12,3
Nb15Fe26Co59,True,12,3
Nb15Fe2Co83,True,11,3
Nb15Fe3.5Co81.5,True,15,3
Nb15Fe42.5Co42.5,True,16,3
Nb15Fe4Co81,True,11,3
Nb15Fe6Co79,True,11,3
Nb15Fe72.5Co12.5,True,16,3
Nb15Fe77B8,True,10,3
Nb15Fe79B6,False,10,3
Nb15Si2Ge3,True,10,3
Nb15Si4Mo,True,9,3
Nb15Si4W,True,8,3
Nb15VSi4,True,8,3
Nb16.5Ni66.5B17,True,15,3
Nb17Si3,True,7,2
Nb19(Si2Ge)2,True,12,3
Nb19Si5Ge,True,9,3
Nb20Si3C2,True,9,3
Nb20Si4C,True,8,3
Nb20Si4Ge,True,9,3
Nb2Co20B3,True,9,3
Nb2Ni3,True,6,2
Nb3(Fe10B)2,True,11,3
Nb39Si7Ge4,True,10,3
Nb3Co17,True,7,2
Nb3Fe12Co5,True,10,3
Nb3Fe15B2,True,9,3
Nb3Fe16B,False,8,3
Nb3Fe2Co15,True,10,3
Nb3Fe80B17,True,10,3
Nb3Ni2,True,6,2
Nb3SiMo,True,7,3
Nb3VSi,True,6,3
Nb40(Ni19Pt)3,True,13,3
Nb40Ni59Ir,True,10,3
Nb40Ni59Pd,True,10,3
Nb40Ni59Pt,True,10,3
Nb40Si7C3,True,9,3
Nb40Si9C,True,8,3
Nb40Si9Ge,True,9,3
Nb4Si,True,5,2
Nb5(Co14B)3,False,11,3
Nb5.3Fe80.2B14.5,True,16,3
Nb5.5Fe81.5B13,False,14,3
Nb5.5Fe85.5B9,False,13,3
Nb5Fe83B12,True,10,3
Nb5Fe87B8,False,9,3
Nb5Fe89B6,False,9,3
Nb5Fe92B3,False,9,3
Nb5Ni78B17,True,10,3
Nb5Si2Mo3,True,9,3
Nb6.8Fe76B17.2,True,14,3
Nb6.9Fe80B13.1,True,14,3
Nb6Fe39B5,True,9,3
Nb6Fe41B3,True,9,3
Nb7(Fe27B4)3,True,12,3
Nb7(Fe28B3)3,True,12,3
Nb7.1Fe77.9B15,True,14,3
Nb7.1Fe82.3B10.6,False,16,3
Nb7.1Fe83.4B9.5,False,15,3
Nb7.3Fe77.5B15.2,True,16,3
Nb7.3Fe79.5B13.2,True,16,3
Nb7.5Fe83B9.5,False,13,3
Nb7.6Fe81.1B11.3,True,16,3
Nb7.7Fe78.1B14.2,True,16,3
Nb7.8Fe78.4B13.8,True,16,3
Nb76.5Si8.5Ge15,True,15,3
Nb77Si10Ge13,True,12,3
Nb77Si23,True,8,2
Nb7Co40B3,True,9,3
Nb7Co42B,True,8,3
Nb7Fe77B16,True,10,3
Nb7Fe78.7B14.3,True,14,3
Nb7Fe79.9B13.1,True,14,3
Nb7Fe83B10,True,10,3
Nb7Fe85B8,True,9,3
Nb7Si2Mo,True,8,3
Nb7Si2W,True,7,3
Nb7VSi2,True,7,3
Nb8.3Fe77.5B14.2,True,16,3
Nb8.3Fe78.5B13.2,True,16,3
Nb8.7Fe76B15.3,True,14,3
Nb8.9Fe79.6B11.5,True,16,3
Nb80Si17Ge3,True,11,3
Nb80Si19C,True,9,3
Nb80Si19Ge,True,10,3
Nb8Fe75B17,True,10,3
Nb8Fe79B13,True,10,3
Nb8Ni75B17,True,10,3
Nb9.1Fe79.9B11,True,14,3
Nb9.3Fe77.5B13.2,True,16,3
Nb9.6Fe77.5B12.9,True,16,3
Nb9.6Fe77B13.4,True,14,3
Nb9.8Fe75.2B15,True,14,3
Nb9Si4Mo7,False,9,3
NbFe17B2,True,8,3
NbNi,True,4,2
Nd(Al10Ni)9,False,11,3
Nd(Al11Ni)2,True,11,3
Nd(Al28Ni5)3,True,12,3
Nd(Al5Ni)4,True,10,3
Nd(Al6Ni)7,True,10,3
Nd(Al7Ni)3,True,10,3
Nd(Al8Ni)11,True,11,3
Nd(AlCu11)2,False,11,3
Nd(AlCu7)3,False,10,3
Nd(Mg2Cu)3,True,10,3
Nd(Mg2Ni)3,True,10,3
Nd(MgCu)2,True,9,3
Nd(MgCu2)3,False,10,3
Nd(MgNi)2,True,9,3
Nd10Al79Ni11,True,12,3
Nd10Fe82.5B7.5,True,14,3
Nd11.8Fe82.1B6.1,True,16,3
Nd11Al5Ni4,True,10,3
Nd11Fe89,True,8,2
Nd12.375Fe70.125B17.5,True,21,3
Nd12Fe69.5B18.5,True,15,3
Nd13Fe79B8,True,10,3
Nd14Fe78.2B7.8,True,14,3
Nd14Fe81B5,False,10,3
Nd14Fe82.2B4.8,True,14,3
Nd15Fe77.5B7.5,True,14,3
Nd15Fe77B8,True,10,3
Nd15Fe82B3,True,10,3
Nd16.5Fe66B17.5,True,15,3
Nd16.8Fe67.2B16,True,15,3
Nd2(Al15Ni)3,True,12,3
Nd2(Al5Ni)3,True,11,3
Nd2(Mg5Cu)3,True,11,3
Nd2(Mg5Ni)3,True,11,3
Nd2.5Mg97.5,False,11,2
Nd20.625Fe61.875B17.5,True,21,3
Nd20Fe61.5B18.5,True,15,3
Nd21Fe21B8,True,10,3
Nd21Fe79,True,8,2
Nd27.7Fe56.3B16,True,15,3
Nd2Al17Ni,True,9,3
Nd2Al20Ni3,True,10,3
Nd2Al21Ni2,True,10,3
Nd2Al22Ni,True,9,3
Nd2Al23,True,7,2
Nd2Al2Cu21,True,10,3
Nd2Al3Cu20,True,10,3
Nd2Al41Ni7,True,10,3
Nd2Al43Ni5,True,10,3
Nd2Al47Ni,False,9,3
Nd2Al5Cu43,False,10,3
Nd2Al7Cu41,False,10,3
Nd2Al7Ni,False,8,3
Nd2Al85Ni13,True,11,3
Nd2AlCu22,False,9,3
Nd2Cu3,False,6,2
Nd2Fe3,True,6,2
Nd2Fe7B,True,7,3
Nd2Mg11Cu7,True,10,3
Nd2Mg11Ni7,True,10,3
Nd2Mg13Cu5,True,10,3
Nd2Mg13Ni5,True,10,3
Nd2Mg17Cu,True,9,3
Nd2Mg17Ni,True,9,3
Nd2Mg2Cu,False,8,3
Nd2Mg3Cu5,True,9,3
Nd2Mg3Ni5,False,9,3
Nd2Mg5Cu3,True,9,3
Nd2Mg5Ni3,True,9,3
Nd2Mg7Cu,True,8,3
Nd2Mg7Ni,True,8,3
Nd2MgCu2,False,8,3
Nd2MgCu7,False,8,3
Nd2MgNi2,True,8,3
Nd2Ni3,False,6,2
Nd3(Al10Ni)2,True,12,3
Nd30Fe51.5B18.5,True,15,3
Nd33.6Fe50.4B16,True,15,3
Nd33Fe67,True,8,2
Nd3Al13Ni4,True,10,3
Nd3Al14Ni3,True,10,3
Nd3Al15Ni2,True,10,3
Nd3Al16Ni,False,9,3
Nd3Al21Ni,True,9,3
Nd3Al22,True,7,2
Nd3Al2Cu45,False,10,3
Nd3Al3Cu44,False,10,3
Nd3Al41Ni6,True,10,3
Nd3Al42Ni5,True,10,3
Nd3Al43Ni4,True,10,3
Nd3Al44Ni3,True,10,3
Nd3Al45Ni2,True,10,3
Nd3Al46Ni,False,9,3
Nd3Al47,False,7,2
Nd3Al4Cu43,False,10,3
Nd3Al5Cu42,False,10,3
Nd3Al6Cu41,False,10,3
Nd3Al7Cu40,False,10,3
Nd3Al90Ni7,True,10,3
Nd3AlCu46,False,9,3
Nd3Cu7,False,6,2
Nd3Fe14B3,True,9,3
Nd3Fe17,True,7,2
Nd3Fe2,True,6,2
Nd3Fe41B6,True,9,3
Nd3Fe7,True,6,2
Nd3Fe78.5B18.5,True,14,3
Nd3Fe82B15,True,10,3
Nd3Mg10Cu7,True,10,3
Nd3Mg10Ni7,True,10,3
Nd3Mg11Cu6,True,10,3
Nd3Mg11Ni6,True,10,3
Nd3Mg12Cu5,True,10,3
Nd3Mg12Ni5,True,10,3
Nd3Mg13Cu4,True,10,3
Nd3Mg13Ni4,True,10,3
Nd3Mg14Cu3,True,10,3
Nd3Mg14Ni3,True,10,3
Nd3Mg15Cu2,True,10,3
Nd3Mg15Ni2,True,10,3
Nd3Mg16Cu,False,9,3
Nd3Mg16Ni,False,9,3
Nd3Mg17,False,7,2
Nd3Mg2Cu5,True,9,3
Nd3Mg2Ni5,True,9,3
Nd3Mg3Cu4,True,9,3
Nd3Mg4Cu3,True,9,3
Nd3Mg4Ni3,True,9,3
Nd3Mg5Cu2,True,9,3
Nd3Mg5Ni2,True,9,3
Nd3Mg6Ni,True,8,3
Nd3Mg9Ni8,True,9,3
Nd3MgCu6,True,8,3
Nd3MgNi,True,7,3
Nd3MgNi6,False,8,3
Nd3Ni2,True,6,2
Nd3Ni7,False,6,2
Nd4(MgNi)3,True,10,3
Nd4.125Fe78.375B17.5,True,20,3
Nd4.5Fe77B18.5,True,14,3
Nd4Al13Ni3,False,10,3
Nd4Al15Ni,False,9,3
Nd4Al3Cu43,True,10,3
Nd4Al41Ni5,True,10,3
Nd4Al43Ni3,True,10,3
Nd4Al45Ni,True,9,3
Nd4Al5Cu41,True,10,3
Nd4Al7Cu39,False,10,3
Nd4AlCu45,False,9,3
Nd4Fe19B2,True,9,3
Nd4Fe77B19,True,10,3
Nd4Mg11Cu5,True,10,3
Nd4Mg11Ni5,True,10,3
Nd4Mg13Cu3,True,10,3
Nd4Mg13Ni3,True,10,3
Nd4Mg15Ni,True,9,3
Nd4Mg5Ni,False,8,3
Nd4Mg9Cu7,True,9,3
Nd4Mg9Ni7,True,9,3
Nd4MgNi5,True,8,3
Nd4Ni,False,5,2
Nd5(Al14Ni)3,True,12,3
Nd5(Al2Cu13)3,False,13,3
Nd5(AlCu14)3,True,12,3
Nd5(Mg3Cu2)3,True,12,3
Nd5(Mg3Ni2)3,True,12,3
Nd5(Mg4Cu)3,False,11,3
Nd5(Mg4Ni)3,True,11,3
Nd50.4Fe33.6B16,True,15,3
Nd50Fe31.5B18.5,True,15,3
Nd5Al2Cu43,False,10,3
Nd5Al37Ni8,True,10,3
Nd5Al41Ni4,True,10,3
Nd5Al43Ni2,True,10,3
Nd5Al44Ni,True,9,3
Nd5Al4Cu41,False,10,3
Nd5Al7Cu38,False,10,3
Nd5Al87Ni8,True,10,3
Nd5AlCu44,False,9,3
Nd5Mg11Cu4,True,10,3
Nd5Mg11Ni4,True,10,3
Nd5Mg13Cu2,False,10,3
Nd5Mg13Ni2,True,10,3
Nd5Mg2Ni3,True,9,3
Nd5Mg3Ni2,True,9,3
Nd5Mg4Ni,False,8,3
Nd5Mg7Ni8,True,9,3
Nd5Mg83Ni12,True,11,3
Nd5Mg88Ni7,True,10,3
Nd5Mg8Ni7,True,9,3
Nd5MgNi4,True,8,3
Nd6Fe41B3,True,9,3
Nd6Fe75.5B18.5,True,14,3
Nd6Mg11Ni3,True,10,3
Nd6Mg3Ni,False,8,3
Nd6Mg9Cu5,True,9,3
Nd6Mg9Ni5,True,9,3
Nd6MgNi3,True,8,3
Nd7(Al29Ni2)3,True,13,3
Nd7.5Mg90Ni2.5,True,14,3
Nd7.5Mg92.5,False,11,2
Nd7Al43,True,7,2
Nd7Al83Ni10,True,11,3
Nd7Al85Ni8,True,10,3
Nd7Fe13,True,7,2
Nd7Mg10Ni3,True,10,3
Nd7Mg11Ni2,True,10,3
Nd7Mg2Ni,False,8,3
Nd7Mg6Cu7,True,9,3
Nd7Mg8Ni5,True,9,3
Nd7Mg9Cu4,True,9,3
Nd7Mg9Ni4,True,9,3
Nd7MgNi2,False,8,3
Nd7Ni3,True,6,2
Nd8(Fe13B)3,False,11,3
Nd8.25Fe74.25B17.5,True,18,3
Nd9.2Fe74.8B16,True,14,3
Nd9Al81Ni10,True,11,3
Nd9Al83Ni8,True,10,3
Nd9Al85Ni6,True,10,3
Nd9Fe41,True,7,2
Nd9Fe82B9,True,9,3
NdAl15Ni4,False,9,3
NdAl16Ni3,True,9,3
NdAl17Ni2,True,9,3
NdAl18Ni,True,8,3
NdAl23Ni,False,8,3
NdAl24,False,6,2
NdAl40Ni9,True,9,3
NdAl41Ni8,True,9,3
NdAl43Ni6,True,9,3
NdAl44Ni5,True,9,3
NdAl45Ni4,True,9,3
NdAl46Ni3,False,9,3
NdAl47Ni2,False,9,3
NdAl48Ni,False,8,3
NdAl49,False,6,2
NdAl5Cu44,False,9,3
NdAl7Ni2,True,8,3
NdAl86Ni13,True,10,3
NdAl8Ni,True,7,3
NdAl9,True,5,2
NdAlCu23,False,8,3
NdAlCu8,False,7,3
NdCu4,False,5,2
NdFe,True,4,2
NdFe3,True,5,2
NdFe4,True,5,2
NdFe9,True,5,2
NdMg11Cu8,True,9,3
NdMg13Cu6,True,9,3
NdMg13Ni6,True,9,3
NdMg14Cu5,True,9,3
NdMg15Cu4,True,9,3
NdMg15Ni4,True,9,3
NdMg16Cu3,True,9,3
NdMg17Cu2,True,9,3
NdMg17Ni2,True,9,3
NdMg18Cu,False,8,3
NdMg18Ni,False,8,3
NdMg19,False,6,2
NdMg2Cu,True,7,3
NdMg2Ni,True,7,3
NdMg3Cu,True,7,3
NdMg3Ni,True,7,3
NdMg4Cu5,True,8,3
NdMg5Cu4,True,8,3
NdMg5Ni4,False,8,3
NdMg7Cu2,True,8,3
NdMg7Ni2,True,8,3
NdMg8Cu,True,7,3
NdMg8Ni,True,7,3
NdMg9,False,5,2
NdMgCu3,True,7,3
NdNi,False,4,2
Ni,False,2,1
Ni10P19Pd71,True,11,3
Ni11P2Pd7,True,9,3
Ni12P5Pt3,False,9,3
Ni12P5Pt8,True,9,3
Ni13(B5C)2,True,10,3
Ni13B12,False,7,2
Ni14B10C,False,8,3
Ni14B7C4,True,8,3
Ni14P5Pd6,True,9,3
Ni14P5Pt6,True,9,3
Ni15(Mo3C2)2,True,12,3
Ni15B2C3,False,8,3
Ni15BC4,False,7,3
Ni15Mo7C3,False,9,3
Ni15MoP4,True,8,3
Ni16(Mo2C)3,True,11,3
Ni16B5C4,True,8,3
Ni16B7C2,True,8,3
Ni16BC3,False,7,3
Ni16BP3,True,7,3
Ni16Mo5C4,True,9,3
Ni16Mo7C2,False,9,3
Ni16P5Pd4,True,9,3
Ni16P5Pt4,True,9,3
Ni17(B3C)2,True,10,3
Ni17(MoC)4,False,10,3
Ni17(P3Pd8)3,True,12,3
Ni17B23C10,True,10,3
Ni17B2C,False,7,3
Ni17B5C3,True,8,3
Ni17B7C,True,7,3
Ni17C3,False,6,2
Ni17Mo5C3,True,9,3
Ni18B5C2,False,8,3
Ni18B6C,False,7,3
Ni18B7,True,6,2
Ni18BC,False,6,3
Ni18Mo4C3,False,9,3
Ni18Mo5C2,False,9,3
Ni18P5Pd2,True,9,3
Ni18P5Pt2,False,9,3
Ni19(B2C)2,True,10,3
Ni19(MoC)3,False,10,3
Ni19B,False,5,2
Ni19B25C6,True,9,3
Ni19B29C2,False,9,3
Ni19B6,False,6,2
Ni19C,False,5,2
Ni20B4C,True,7,3
Ni20P19Pd61,True,11,3
Ni21B21C8,True,9,3
Ni21B23C6,True,9,3
Ni21B25C4,False,9,3
Ni21B4,False,6,2
Ni22(B3C)7,True,10,3
Ni22.5P25Pt52.5,True,15,3
Ni23(B7C2)3,True,11,3
Ni23B23C4,False,9,3
Ni23B25C2,False,9,3
Ni23B27,False,7,2
Ni24B19C7,True,9,3
Ni24B21C5,True,9,3
Ni25B19C6,True,9,3
Ni25B21C4,True,9,3
Ni25B23C2,False,9,3
Ni26B17C7,True,9,3
Ni26B19C5,True,9,3
Ni27B17C6,True,9,3
Ni27B20C3,False,9,3
Ni27B23,False,7,2
Ni27Mo14C9,False,10,3
Ni28B17C5,True,9,3
Ni28B19C3,True,9,3
Ni28B21C,True,8,3
Ni29(B5C2)3,True,11,3
Ni29(Mo2C)7,False,11,3
Ni29(Mo4C3)3,False,12,3
Ni29B20C,True,8,3
Ni29B21,True,7,2
Ni29B55C16,True,10,3
Ni29Mo16C5,False,10,3
Ni2P5Pd18,True,9,3
Ni2PPd2,True,7,3
Ni2PPt2,True,7,3
Ni30B11C9,True,9,3
Ni30B13C7,True,9,3
Ni30B17C3,True,9,3
Ni31B13C6,True,9,3
Ni31B14C5,True,9,3
Ni31B19,True,7,2
Ni31Mo10C9,False,10,3
Ni31Mo12C7,True,10,3
Ni31Mo69,True,8,2
Ni32B11C7,True,9,3
Ni33B11C6,True,9,3
Ni33B14C3,True,9,3
Ni33B17,True,7,2
Ni33B55C12,True,10,3
Ni33B7C10,False,9,3
Ni33B9C8,True,8,3
Ni33Mo10C7,True,10,3
Ni33Mo12C5,False,10,3
Ni33Mo8C9,False,9,3
Ni34B11C5,True,9,3
Ni34B13C3,True,9,3
Ni35(B3C2)3,True,11,3
Ni35(Mo2C3)3,False,12,3
Ni35B11C4,False,9,3
Ni35B13C2,False,9,3
Ni35B14C,True,8,3
Ni35B7C8,False,8,3
Ni36.5P27Pd36.5,True,15,3
Ni36B13C,False,8,3
Ni37.5P25Pd37.5,True,15,3
Ni37.5P25Pt37.5,True,15,3
Ni37B10C3,False,9,3
Ni37B13,False,7,2
Ni37B55C8,True,9,3
Ni37B59C4,True,9,3
Ni37B6P7,True,8,3
Ni37B8C5,True,8,3
Ni37P26Pd37,True,11,3
Ni38(B3C)3,False,10,3
Ni38.5P23Pd38.5,True,15,3
Ni38B11C,False,8,3
Ni38B5P7,True,8,3
Ni39B10C,True,8,3
Ni39B11,False,7,2
Ni39B8C3,True,8,3
Ni3B2,True,5,2
Ni3B5C2,True,7,3
Ni3P5Pt12,True,9,3
Ni3PPd,True,6,3
Ni40B3P7,True,8,3
Ni40B9P,True,7,3
Ni40P9W,True,7,3
Ni41(B2C)3,False,10,3
Ni41.5P17Pd41.5,True,15,3
Ni41B5C4,False,8,3
Ni41B8C,True,7,3
Ni41B9,True,6,2
Ni41P18Pd41,True,11,3
Ni41P9,True,6,2
Ni42.5P15Pd42.5,True,15,3
Ni42B7C,False,7,3
Ni43P14Pd43,True,11,3
Ni47Mo53,True,8,2
Ni4B,False,4,2
Ni4C,False,4,2
Ni4P,True,4,2
Ni4P5Pt16,True,9,3
Ni5(PPd4)19,True,11,3
Ni52.5P25Pt22.5,True,15,3
Ni53.5B44C2.5,False,13,3
Ni53B41C6,False,9,3
Ni55B42.5C2.5,False,13,3
Ni59Mo41,True,8,2
Ni63P20Pd17,True,11,3
Ni66.5B17Mo16.5,True,15,3
Ni66.5B17W16.5,True,14,3
Ni67B17C16,False,10,3
Ni68.5B17Mo14.5,True,15,3
Ni68.5B17W14.5,True,14,3
Ni68Mo13P19,True,11,3
Ni69Mo12P19,True,11,3
Ni6P5Pd14,True,9,3
Ni6P5Pt14,True,9,3
Ni6P5Pt9,True,8,3
Ni70.5B17Mo12.5,True,15,3
Ni70.5B17W12.5,True,14,3
Ni71B15P14,True,10,3
Ni72Mo9P19,True,10,3
Ni73(B5C4)3,False,11,3
Ni73B22C5,False,9,3
Ni73Mo7P20,True,10,3
Ni75B13C12,False,10,3
Ni75B17C8,False,9,3
Ni75B17W8,True,9,3
Ni75P18W7,True,9,3
Ni77B13C10,False,10,3
Ni77P18W5,True,9,3
Ni78.5B11.5C10,False,14,3
Ni7B3,True,5,2
Ni7BC2,False,6,3
Ni7Mo2C,True,7,3
Ni81.5B1.8P16.7,True,15,3
Ni81.5B11.1P7.4,True,15,3
Ni81.5B12P6.5,True,13,3
Ni81.5B14.8P3.7,True,15,3
Ni81.5B15P3.5,True,13,3
Ni81.5B16.7P1.8,True,15,3
Ni81.5B17P1.5,True,13,3
Ni81.5B18.5,True,11,2
Ni81.5B2P16.5,True,13,3
Ni81.5B5.5P13,True,13,3
Ni81.5P18.5,True,11,2
Ni81B14C5,True,9,3
Ni81P19,True,7,2
Ni8BC,False,5,3
Ni8BP,True,5,3
Ni8P5Pd12,True,9,3
Ni8P5Pt12,False,9,3
Ni9C,False,4,2
Ni9P2Pd9,True,8,3
Ni9P5Pt6,True,8,3
NiPd,True,4,2
NiPd4,True,5,2
P19Ir40Pd41,True,11,3
P19Pd81,True,7,2
Pr0.3Zr10Fe89.7,True,15,3
Pr36B5Au9,True,9,3
Pr3Zr5Fe42,True,10,3
Pr67.5B10Au22.5,True,15,3
PrZr5Fe44,False,9,3
Sb19.3Pb27.5Au53.2,True,18,3
Sb22.5Pb22.5Au55,True,16,3
Sc3Fe,True,5,2
ScFe9,True,5,2
Si(BMo2)3,False,9,3
Si(Ni3B)6,True,9,3
Si(Ni5B)4,False,9,3
Si(Ni7B)3,False,9,3
Si10B17Mo73,True,11,3
Si10Ge7Pd83,True,11,3
Si10Ni73B17,True,11,3
Si11Ni78B11,True,11,3
Si11Pd39,True,8,2
Si12.5B17.5Mo70,True,15,3
Si12.5B20Mo67.5,True,15,3
Si12.5Ni75B12.5,True,15,3
Si12Ni67B21,True,11,3
Si13(GePd28)3,True,13,3
Si14Ni67B19,False,11,3
Si14Ni69B17,True,11,3
Si15(Ni4B)17,True,12,3
Si15Ni67.5C17.5,True,15,3
Si15Ni72B13,True,11,3
Si15Pd81Au4,True,11,3
Si16(Pd25Au3)3,True,14,3
Si16.5Ag1.7Pd81.8,True,17,3
Si16.5Ag10Pd73.5,True,16,3
Si16.5Ag12.5Pd71,True,16,3
Si16.5Ag15Pd68.5,True,16,3
Si16.5Ag20.9Pd62.6,False,18,3
Si16.5Ag4.2Pd79.3,True,17,3
Si16.5Ag4.5Pd79,True,15,3
Si16.5Ag4Pd79.5,True,15,3
Si16.5Ag5.5Pd78,True,15,3
Si16.5Ag6.7Pd76.8,True,17,3
Si16.5Ag6Pd77.5,True,15,3
Si16.5Ag8.5Pd75,True,15,3
Si16.5Ni1.7Pd81.8,True,17,3
Si16.5Ni10Pd73.5,True,16,3
Si16.5Ni11.7Pd71.8,True,18,3
Si16.5Ni12.5Pd71,True,16,3
Si16.5Ni15Pd68.5,True,16,3
Si16.5Ni19.2Pd64.3,True,18,3
Si16.5Ni20.9Pd62.6,True,18,3
Si16.5Ni26.7Pd56.8,True,18,3
Si16.5Ni29.2Pd54.3,True,18,3
Si16.5Ni35Pd48.5,True,16,3
Si16.5Ni4.2Pd79.3,True,17,3
Si16.5Ni40Pd43.5,True,16,3
Si16.5Ni43.4Pd40.1,True,18,3
Si16.5Ni50.1Pd33.4,True,18,3
Si16.5Ni58.5Pd25,False,16,3
Si16.5Ni6.7Pd76.8,True,17,3
Si16.5Pd62.6Au20.9,False,18,3
Si16.5Pd68.5Au15,True,16,3
Si16.5Pd71Au12.5,True,16,3
Si16.5Pd73.5Au10,True,16,3
Si16.5Pd76.5Au7,True,15,3
Si16.5Pd76.8Au6.7,True,17,3
Si16.5Pd76.8Rh6.7,False,17,3
Si16.5Pd76Au7.5,True,15,3
Si16.5Pd77.5Au6,True,15,3
Si16.5Pd78.5Au5,True,15,3
Si16.5Pd79.3Au4.2,True,17,3
Si16.5Pd79.3Rh4.2,True,17,3
Si16.5Pd79.5Au4,True,15,3
Si16.5Pd80.5Au3,True,15,3
Si16.5Pd80Au3.5,True,15,3
Si16.5Pd81.5Au2,True,15,3
Si16.5Pd81.8Au1.7,True,17,3
Si16.5Pd81.8Rh1.7,True,17,3
Si16.5Pd83.5,True,12,2
Si16Ag5Pd79,True,11,3
Si16Ni76.5B7.5,False,14,3
Si16Pd80.5Au3.5,True,15,3
Si17.5Ni67.5C15,True,15,3
Si17.6Pd82.4,True,12,2
Si17B12Mo71,True,11,3
Si17Pd71Au12,True,12,3
Si17Pd79Au4,True,11,3
Si18Ag5Pd77,True,11,3
Si18Ni16.4Pd65.6,True,16,3
Si18Ni32.8Pd49.2,True,16,3
Si18Ni49.2Pd32.8,True,16,3
Si18Ni69B13,False,11,3
Si18Ni8.2Pd73.8,True,15,3
Si18Pd75Au7,True,11,3
Si18Pd77Au5,True,11,3
Si18Pd79Au3,True,11,3
Si18Pd81Au,True,10,3
Si2(BMo5)3,True,10,3
Si2(Ni11B5)3,False,12,3
Si2(Ni5B)3,True,10,3
Si2(Ni5C)3,False,10,3
Si2.5B20Mo77.5,False,14,3
Si2.5Ni72.5B25,False,14,3
Si2.5Ni75.5B22,False,14,3
Si2.5Ni77.5B20,False,14,3
Si20Ag4.5Pd75.5,True,15,3
Si20Ni67.5C12.5,True,15,3
Si20Pd73Au7,True,11,3
Si21Pd75Au4,True,11,3
Si21Pd79,True,8,2
Si22.5B7.5Mo70,True,14,3
Si22.5Ni65C12.5,True,15,3
Si22.5Ni67.5C10,False,15,3
Si2B5Mo13,True,9,3
Si2BMo17,False,8,3
Si2BMo7,True,7,3
Si2BW7,True,6,3
Si2Ni16B7,False,9,3
Si2Ni17B6,True,9,3
Si2Ni17C,False,8,3
Si2Ni18B5,True,9,3
Si2Ni20B3,False,9,3
Si2Ni7C,False,7,3
Si3(Ni10B)2,False,11,3
Si3(Ni8B3)2,False,11,3
Si3(Ni9B2)2,True,11,3
Si3B2Mo15,True,9,3
Si3B3Mo14,True,9,3
Si3B4Mo13,False,9,3
Si3B5Mo12,False,9,3
Si3BMo16,False,8,3
Si3GePd21,True,9,3
Si3Ni13B4,True,9,3
Si3Ni14C3,False,9,3
Si3Ni15B2,True,9,3
Si3Ni15B7,False,9,3
Si3Ni15C2,False,9,3
Si3Ni16C,False,8,3
Si3Ni17,False,7,2
Si3Ni17B5,True,9,3
Si3Ni19B3,True,9,3
Si3Ni33B14,True,10,3
Si3Ni36B11,True,10,3
Si3Ni38B9,True,9,3
Si3Ni40B7,False,9,3
Si3Ni69B28,True,10,3
Si3Ni70B27,True,10,3
Si3Ni80B17,True,10,3
Si3Pd17,True,7,2
Si4(Ni6B)3,True,10,3
Si4B11Mo35,True,10,3
Si4B3Mo13,False,9,3
Si4BMo15,False,8,3
Si4BPd20,True,8,3
Si4Ni15C,False,8,3
Si4Ni17B4,False,9,3
Si4Ni39B7,True,9,3
Si4Pd21,True,7,2
Si5(B2Mo13)3,True,12,3
Si5(Ni11B4)3,True,12,3
Si5(Ni13B2)3,True,12,3
Si5B11Mo34,True,10,3
Si5B2Mo13,False,9,3
Si5BMo14,False,8,3
Si5Ni13C2,False,9,3
Si5Ni14C,False,8,3
Si5Ni38B7,True,9,3
Si5Pd17Au3,True,10,3
Si5Pd19Au,True,9,3
Si7(Ni24B7)3,True,12,3
Si7.5B20Mo72.5,True,14,3
Si7.5Ni70B22.5,True,14,3
Si7.5Ni75B17.5,True,14,3
Si7GePd42,True,9,3
Si7Ni36B7,True,9,3
Si7Ni38B5,True,9,3
Si7Ni76B17,True,10,3
Si8(Ni5B)7,True,10,3
Si8(Pd13Au)3,True,12,3
Si8.5Ni66B25.5,True,14,3
Si8B17Mo75,True,10,3
Si8Ni75B17,True,10,3
Si9(Ge2Au11)7,True,13,3
Si9.45Ge13.66Au76.89,True,20,3
Si9Ni36B5,False,9,3
Si9Ni38B3,False,9,3
Si9Pd36Au5,True,10,3
Si9Pd37Au4,True,10,3
Si9Pd38Au3,True,10,3
Si9Pd39Au2,True,10,3
Si9Pd40Au,True,9,3
Si9Pd41,True,7,2
Si9Pd8Au33,True,10,3
SiB2Mo17,False,8,3
SiB2Mo7,True,7,3
SiB3Mo16,False,8,3
SiB4Mo15,True,8,3
SiB5Mo14,False,8,3
SiBMo18,False,7,3
SiBMo3,False,6,3
SiBMo8,False,6,3
SiNi15B4,True,8,3
SiNi15C4,False,8,3
SiNi16C3,False,8,3
SiNi17B7,True,8,3
SiNi17C2,False,8,3
SiNi18C,False,7,3
SiNi19,False,6,2
SiNi19B5,True,8,3
SiNi36B13,True,9,3
SiNi4,False,5,2
SiNi7C2,False,7,3
SiNi8B,True,6,3
SiNi8C,False,6,3
SiNi9,False,5,2
SiNiPd3,True,7,3
SiPd4,True,5,2
Sm1.3Fe79B19.7,True,14,3
Sm10Al89Ni,True,10,3
Sm11Al5Ni4,True,10,3
Sm2(Al5Ni)3,True,11,3
Sm2Al17Ni,True,9,3
Sm2Al23,True,7,2
Sm2Al7Ni,True,8,3
Sm3Al14Ni3,True,10,3
Sm3Al15Ni2,True,10,3
Sm3Al16Ni,True,9,3
Sm3Al22,True,7,2
Sm3Al47,False,7,2
Sm4Al13Ni3,True,10,3
Sm4Al15Ni,False,9,3
Sm4Al21,True,7,2
Sm5Al87Ni8,True,10,3
Sm5Fe77B18,True,10,3
Sm6Al39Ni5,True,10,3
Sm7(Al29Ni2)3,True,13,3
Sm7Al43,True,7,2
Sm7Al83Ni10,True,11,3
Sm7Al85Ni8,True,10,3
Sm9Al41,False,7,2
Sm9Al81Ni10,True,11,3
Sm9Al83Ni8,True,10,3
Sm9Al85Ni6,True,10,3
SmAl15Ni4,False,9,3
SmAl16Ni3,True,9,3
SmAl17Ni2,True,9,3
SmAl18Ni,True,8,3
SmAl7Ni2,True,8,3
SmAl8Ni,True,7,3
SmAl9,True,5,2
Sr1.5La61.5Cu37,True,15,3
Sr10La53Cu37,True,12,3
Sr10La61.5Cu28.5,True,16,3
Sr11La52Cu37,True,12,3
Sr11La60Cu29,True,12,3
Sr12.5La50.5Cu37,True,16,3
Sr12.5La57.5Cu30,True,16,3
Sr13.5La56Cu30.5,True,16,3
Sr14.5La53.5Cu32,True,16,3
Sr14La49Cu37,True,12,3
Sr14La55Cu31,True,12,3
Sr15.5La51.5Cu33,True,16,3
Sr15La48Cu37,True,12,3
Sr15La52.5Cu32.5,True,16,3
Sr16La47Cu37,True,12,3
Sr17La47Cu36,True,12,3
Sr17La48Cu35,True,12,3
Sr2.5La60.5Cu37,True,15,3
Sr2La71Cu27,True,11,3
Sr3.5La59.5Cu37,True,15,3
Sr3La70Cu27,True,11,3
Sr4(La23Cu9)3,True,13,3
Sr4La59Cu37,True,11,3
Sr5La58Cu37,True,11,3
Sr5La67.5Cu27.5,True,15,3
Sr6.5La66Cu27.5,True,15,3
Sr6La29Cu15,True,11,3
Sr6La57Cu37,True,11,3
Sr7.5La64.5Cu28,True,15,3
Sr7La56Cu37,True,11,3
Sr8.5La63.5Cu28,True,15,3
Sr8La25Cu17,True,11,3
Sr8La55Cu37,True,11,3
Sr9La54Cu37,True,11,3
Sr9La62.5Cu28.5,True,15,3
SrLa62Cu37,True,10,3
Ta(NbNi2)3,True,10,3
Ta10Ni31P9,True,10,3
Ta10Ni73B17,True,11,3
Ta12Ni71B17,True,11,3
Ta13Ni70B17,True,11,3
Ta2(Ti5Si)3,True,11,3
Ta2Ni17P,True,8,3
Ta2Ni3,True,6,2
Ta3Nb13Si4,False,10,3
Ta3Nb5Ni12,True,10,3
Ta3NbNi6,True,8,3
Ta3Ni7,True,6,2
Ta40Ni59Ir,True,10,3
Ta40Ni59Pd,True,10,3
Ta40Ni59Ru,True,10,3
Ta4Ni15P,True,8,3
Ta4Ti13Si3,True,10,3
Ta5(NbNi4)3,True,11,3
Ta5(Ni4P)9,True,10,3
Ta5CoNi4,True,8,3
Ta6Ni13P,True,8,3
Ta6Ti11Si3,True,10,3
Ta7Fe83B10,True,10,3
Ta7Ni13,True,7,2
Ta8(Ti3Si)3,True,11,3
TaNb15Si4,True,9,3
TaNb7Ni12,True,9,3
TaNb7Si2,True,8,3
TaNbNi3,True,7,3
TaNi,True,4,2
TaNi4,True,5,2
TaNi9,True,5,2
Tb1.3Fe79B19.7,True,14,3
Tb15Fe76.5Co8.5,True,15,3
Tb28.3Al15Fe56.7,False,16,3
Tb28.3Fe56.7Si15,True,16,3
Tb30(Fe9Co)7,True,12,3
Tb30.8Al7.5Fe61.7,True,17,3
Tb30.8Fe61.7Si7.5,True,17,3
Tb32.5Al2.5Fe65,True,15,3
Tb32.5Fe65Si2.5,True,15,3
Tb33.3Fe66.7,False,12,2
Tb3Al,True,5,2
Tb5Fe77B18,True,10,3
Tb67.5Al22.5B10,True,15,3
Ti,False,2,1
Ti(Al2Ni)3,True,10,3
Ti(AlCu)2,False,9,3
Ti(Co3B)6,True,9,3
Ti(CuNi)2,False,9,3
Ti(CuNi2)3,False,10,3
Ti0.8Fe83.2B16,True,14,3
Ti1.1Al98.9,False,11,2
Ti10Al3Cu7,True,10,3
Ti10Al9Cu,False,9,3
Ti10Be7Si3,False,10,3
Ti10Be9Si,False,9,3
Ti10Co76.5B13.5,True,15,3
Ti10Cu3Ni7,False,10,3
Ti10CuNi9,False,9,3
Ti10FeCu9,True,9,3
Ti10Nb7Si3,True,10,3
Ti10Si3Ni7,True,10,3
Ti10SiNi9,False,9,3
Ti10V7Si3,False,9,3
Ti11(AlCu2)3,True,12,3
Ti11(Be2Si)3,False,12,3
Ti11(Nb2Si)3,True,12,3
Ti11(SiNi2)3,True,12,3
Ti11(V2Si)3,True,11,3
Ti11Al2Cu7,True,10,3
Ti11Al72Ni17,True,12,3
Ti11Al9,False,7,2
Ti11Be7Si2,False,10,3
Ti11Be8Si,False,9,3
Ti11Be9,False,7,2
Ti11Cu9,True,7,2
Ti11Ni9,True,7,2
Ti11Si2Ni7,True,10,3
Ti11Si4Ni5,False,10,3
Ti11SiNi8,True,9,3
Ti12Al3Cu5,True,10,3
Ti12Al3Ni5,True,10,3
Ti12Al5Cu8,True,10,3
Ti12Al5Ni8,True,10,3
Ti12Al7Cu,False,9,3
Ti12Be5Si3,False,10,3
Ti12Be7Si,True,9,3
Ti12FeCu7,True,9,3
Ti12Nb5Si3,True,10,3
Ti12Si3Ni5,True,10,3
Ti12Si5Ni8,True,10,3
Ti12SiNi7,True,9,3
Ti12V5Si3,True,9,3
Ti13(Al15Ni14)3,True,15,3
Ti13Al2Cu5,True,10,3
Ti13Al2Ni5,True,10,3
Ti13Al7,False,7,2
Ti13Al70Ni17,True,12,3
Ti13Al87,False,8,2
Ti13Be4Si3,False,10,3
Ti13Be5Si2,False,10,3
Ti13Be6Si,True,9,3
Ti13Be7,False,7,2
Ti13Cu7,True,7,2
Ti13Nb4Si3,True,10,3
Ti13Ni67P20,True,11,3
Ti13Ni7,True,7,2
Ti13Si2Ni5,True,10,3
Ti13Si3Ni4,True,10,3
Ti13Si4Ni3,False,10,3
Ti13SiNi6,True,9,3
Ti13V4Si3,True,9,3
Ti14(BeSi)3,False,11,3
Ti14(NbSi)3,True,11,3
Ti14(SiNi)3,True,11,3
Ti14(VSi)3,True,10,3
Ti14Al5Cu,False,9,3
Ti14Be5Si,True,9,3
Ti14Si4Ni7,True,10,3
Ti14SiNi5,True,9,3
Ti15(Nb4Si)17,True,13,3
Ti15(Nb4Si)7,True,12,3
Ti15Al13Ni22,True,12,3
Ti15Al19Ni16,True,12,3
Ti15Be2Si3,False,10,3
Ti15Be3Si2,False,10,3
Ti15Be4Si,False,9,3
Ti15Co72.25B12.75,True,17,3
Ti15Cu3Ni2,False,10,3
Ti15CuNi4,True,9,3
Ti15Nb26Si9,True,11,3
Ti15Nb27Si8,True,11,3
Ti15Nb2Si3,True,10,3
Ti15Si2Ni3,True,10,3
Ti15Si3Ni2,True,10,3
Ti15Si4Ni,False,9,3
Ti15SiNi4,True,9,3
Ti15V2Si3,True,9,3
Ti15VSi4,True,8,3
Ti16Al19Ni15,True,12,3
Ti16Al47Ni37,True,12,3
Ti16Al9,False,7,2
Ti16Cu3Ni,False,9,3
Ti16CuNi3,False,9,3
Ti16NbSi3,True,9,3
Ti16P19Pd65,True,11,3
Ti16Si3Ni,True,9,3
Ti16Si5Ni4,True,10,3
Ti16SiNi3,False,9,3
Ti16SiNi8,True,9,3
Ti16VSi3,True,8,3
Ti17(Al9Ni2)3,True,13,3
Ti17Al33,True,8,2
Ti17Al35Ni48,True,12,3
Ti17Cu33,False,8,2
Ti17CuNi2,False,9,3
Ti17Ni3,False,7,2
Ti17Si2Ni,False,9,3
Ti17Si3,True,7,2
Ti17SiNi2,False,9,3
Ti17VSi2,False,8,3
Ti18CuNi,False,8,3
Ti18Fe3Si4,True,10,3
Ti18Ni7,True,7,2
Ti19Al29Ni52,True,12,3
Ti19Al31,True,8,2
Ti19Al31Ni50,False,12,3
Ti19Si,False,6,2
Ti2(Co13B3)3,True,12,3
Ti2(Nb5Si)3,True,11,3
Ti2.1Ni78.8B19.1,True,16,3
Ti2.9Al97.1,False,11,2
Ti20(Al3Ni7)3,True,13,3
Ti20P19Pd61,True,11,3
Ti21Al15Ni14,True,12,3
Ti21Al22Ni7,True,11,3
Ti21Nb22Cu57,True,12,3
Ti22(Al3Ni)7,True,12,3
Ti22Al43Ni35,True,12,3
Ti22Al53Ni25,True,12,3
Ti23(Al9Ni2)7,True,13,3
Ti23Al40Ni37,True,12,3
Ti23Al67Ni10,True,12,3
Ti23Nb20Cu57,True,12,3
Ti26(Nb5Si3)3,True,13,3
Ti26Al57Ni17,True,12,3
Ti27Al23,True,8,2
Ti27Al5Ni18,True,11,3
Ti27Cu73,True,8,2
Ti27Nb15Si8,True,11,3
Ti28(Nb5Cu19)3,True,14,3
Ti28.8Nb33Cu38.2,True,16,3
Ti28Nb15Si7,True,11,3
Ti28Nb47Si25,False,12,3
Ti29(Nb5Si2)3,False,13,3
Ti29Be21,False,8,2
Ti2Al11Cu7,False,10,3
Ti2Al23,False,7,2
Ti2Al2Cu,False,8,3
Ti2Al3,False,6,2
Ti2Al3Cu5,True,9,3
Ti2Al5Cu3,False,9,3
Ti2Al7Cu,False,8,3
Ti2AlCu,False,7,3
Ti2AlCu7,False,8,3
Ti2AlNi,True,7,3
Ti2AlNi2,True,8,3
Ti2AlNi7,False,8,3
Ti2Co17B6,True,9,3
Ti2Co18B5,True,9,3
Ti2Co37B11,True,10,3
Ti2Cu2Ni,True,8,3
Ti2Cu3,True,6,2
Ti2Cu3Ni5,False,9,3
Ti2Cu5Ni3,False,9,3
Ti2Cu7Ni,False,8,3
Ti2CuNi,True,7,3
Ti2CuNi2,False,8,3
Ti2CuNi7,False,8,3
Ti2Ni3,True,6,2
Ti2P19Pd79,True,10,3
Ti2Si3Ni5,False,9,3
Ti2SiNi2,True,8,3
Ti3(Co8B3)2,True,11,3
Ti3.36Fe80.64B16,True,16,3
Ti3.5Al95.8Ni0.7,False,16,3
Ti3.8Ni78B18.2,True,14,3
Ti30.1Nb30Cu39.9,True,16,3
Ti31Be19,True,8,2
Ti31Ni15B4,True,10,3
Ti31Ni19,True,8,2
Ti32.3Nb25Cu42.7,True,16,3
Ti32Al59Ni9,True,11,3
Ti33Nb10Cu57,True,12,3
Ti34.4Nb20Cu45.6,True,16,3
Ti36.6Nb15Cu48.4,True,16,3
Ti37Al52Ni11,True,12,3
Ti37Nb50Si13,False,12,3
Ti37Ni63,True,8,2
Ti38.7Nb10Cu51.3,True,16,3
Ti38Nb5Cu57,True,11,3
Ti39Si11,True,8,2
Ti3Al,False,5,2
Ti3Al2,False,6,2
Ti3Al2Cu5,True,9,3
Ti3Al3Cu4,False,9,3
Ti3Al4Cu3,False,9,3
Ti3Al5Cu2,False,9,3
Ti3Al6Cu,False,8,3
Ti3Al7,False,6,2
Ti3Al7Cu10,True,10,3
Ti3Al9Cu8,False,9,3
Ti3AlCu,False,7,3
Ti3AlCu6,True,8,3
Ti3AlNi,True,7,3
Ti3Be2,True,6,2
Ti3Co17B5,True,9,3
Ti3Cu17,False,7,2
Ti3Cu2,True,6,2
Ti3Cu2Ni5,False,9,3
Ti3Cu3Ni4,False,9,3
Ti3Cu4Ni3,True,9,3
Ti3Cu5Ni2,True,9,3
Ti3Cu6Ni,True,8,3
Ti3Cu7,True,6,2
Ti3CuNi,True,7,3
Ti3CuNi6,False,8,3
Ti3Nb14Si3,True,10,3
Ti3Ni,False,5,2
Ti3Ni13P4,True,9,3
Ti3Ni2,True,6,2
Ti3Ni7,False,6,2
Ti3Ni77P20,True,10,3
Ti3NiP,True,6,3
Ti3Si,False,5,2
Ti3Si17,True,7,2
Ti3Si2Ni5,False,9,3
Ti3Si3Ni4,False,9,3
Ti3Si4Ni3,False,9,3
Ti3SiNi,False,7,3
Ti3VSi,False,6,3
Ti4(AlCu)3,False,10,3
Ti4(CuNi)3,True,10,3
Ti4(SiNi)3,False,10,3
Ti40.9Nb5Cu54.1,True,15,3
Ti40Al43Ni17,True,12,3
Ti40Nb47Si13,False,12,3
Ti41Al59,True,8,2
Ti42(AlNi)29,True,12,3
Ti42.6Nb1Cu56.4,True,15,3
Ti42Al23Ni35,True,12,3
Ti42Al51Ni7,True,11,3
Ti42NbCu57,True,10,3
Ti43Al57,True,8,2
Ti45Al36Ni19,True,12,3
Ti48Al45Ni7,True,11,3
Ti4Al,False,5,2
Ti4Al10Ni11,True,11,3
Ti4Al21,False,7,2
Ti4Al5Cu,False,8,3
Ti4Al5Cu11,True,10,3
Ti4Al7Cu9,False,9,3
Ti4Al9Cu7,False,9,3
Ti4AlCu5,True,8,3
Ti4Be,False,5,2
Ti4Co16B5,True,9,3
Ti4Co35B11,True,10,3
Ti4Co37B9,True,9,3
Ti4Cu,False,5,2
Ti4Cu5Ni,True,8,3
Ti4CuNi5,False,8,3
Ti4Nb13Si3,True,10,3
Ti4Ni,False,5,2
Ti4Ni21,False,7,2
Ti4Si,True,5,2
Ti4Si5Ni16,True,10,3
Ti4SiNi5,True,8,3
Ti5(AlCu4)3,True,11,3
Ti5(Nb4Si)3,True,11,3
Ti5.9Al94.1,False,11,2
Ti50Cu13Ni37,False,12,3
Ti51Al15Cu34,True,12,3
Ti52.5Nb30Si17.5,True,16,3
Ti57.5Nb25Si17.5,True,16,3
Ti57Al5Cu38,True,11,3
Ti57Be43,False,8,2
Ti57Nb30Si13,False,12,3
Ti58(Al5Ni)7,True,12,3
Ti59Be41,True,8,2
Ti5Al2Cu3,True,9,3
Ti5Al2Ni3,True,9,3
Ti5Al3Cu2,False,9,3
Ti5Al41Ni54,False,11,3
Ti5Al4Cu,False,8,3
Ti5Al54Ni41,False,11,3
Ti5Al7Cu8,False,9,3
Ti5AlNi4,True,8,3
Ti5Be4Si,False,8,3
Ti5Co17B3,True,9,3
Ti5Cu2Ni3,True,9,3
Ti5Cu3Ni2,True,9,3
Ti5Cu4Ni,True,8,3
Ti5CuNi4,False,8,3
Ti5FeCu4,True,8,3
Ti5Nb3Si2,False,9,3
Ti5Si2Ni3,True,9,3
Ti5SiNi4,True,8,3
Ti6(Co3B)11,True,11,3
Ti6(CuNi)7,False,10,3
Ti61Be39,True,8,2
Ti61Cu16Ni23,True,12,3
Ti62.5Be37.5,True,12,2
Ti63Be37,True,8,2
Ti67.5Nb15Si17.5,True,16,3
Ti67Ni33,True,8,2
Ti6Al3Cu,False,8,3
Ti6Al9Ni5,True,9,3
Ti6AlCu3,True,8,3
Ti6AlNi3,True,8,3
Ti6Be3Si,False,8,3
Ti6Co35B9,True,9,3
Ti6Cu3Ni,True,8,3
Ti6CuNi3,True,8,3
Ti6Nb11Si3,True,10,3
Ti6Nb3Si,False,8,3
Ti6SiNi3,True,8,3
Ti7Al11Cu2,False,10,3
Ti7Al12Cu,False,9,3
Ti7Al13,False,7,2
Ti7Al2Cu,False,8,3
Ti7Al3,False,6,2
Ti7Al3Cu10,True,10,3
Ti7Al9Cu4,False,9,3
Ti7AlCu12,True,9,3
Ti7AlCu2,False,8,3
Ti7Be2Si,True,8,3
Ti7Be3,False,6,2
Ti7Co2B,True,7,3
Ti7Cu2Ni,True,8,3
Ti7Cu3,False,6,2
Ti7CuNi2,True,8,3
Ti7Fe2B,True,7,3
Ti7Fe82B11,True,10,3
Ti7Fe83B10,True,10,3
Ti7Nb10Si3,True,10,3
Ti7Nb2Si,False,8,3
Ti7Ni13,False,7,2
Ti7Ni18,False,7,2
Ti7Ni2B,True,7,3
Ti7Ni3,True,6,2
Ti7Si2Ni,False,8,3
Ti7SiNi2,True,8,3
Ti7V2Si,False,7,3
Ti7VSi2,True,7,3
Ti8(Co11B3)3,True,12,3
Ti8(Nb3Si)3,True,11,3
Ti8(SiNi3)3,True,11,3
Ti87Si13,True,8,2
Ti8Al17,True,7,2
Ti8Al5Cu7,True,9,3
Ti8Al5Ni7,True,9,3
Ti8AlCu,False,7,3
Ti8AlCu11,True,9,3
Ti8Co31B11,True,10,3
Ti8CuNi,False,7,3
Ti8FeCu11,True,9,3
Ti8NbSi,False,7,3
Ti8Ni17,True,7,2
Ti8P19Pd73,True,10,3
Ti8Si5Ni12,True,10,3
Ti8SiNi,True,7,3
Ti8SiNi11,True,9,3
Ti9Al,False,5,2
Ti9Al10Cu,False,9,3
Ti9Al11,False,7,2
Ti9Al2Ni9,False,9,3
Ti9Al3Cu8,True,9,3
Ti9Al4Cu7,True,9,3
Ti9Al5Cu6,False,9,3
Ti9Al5Ni6,True,9,3
Ti9Al6Ni5,True,9,3
Ti9Al9Cu2,False,9,3
Ti9Al9Ni7,True,9,3
Ti9AlCu10,True,9,3
Ti9AlNi10,False,9,3
Ti9Be,False,5,2
Ti9Cu,False,5,2
Ti9Cu11,True,7,2
Ti9Cu9Ni2,True,9,3
Ti9Nb8Si3,True,9,3
Ti9Ni,False,5,2
Ti9Ni11,False,7,2
Ti9Si,False,5,2
Ti9Si2Ni9,False,9,3
Ti9Si3Ni8,True,9,3
Ti9Si4Ni7,True,9,3
Ti9SiNi10,False,9,3
Ti9V8Si3,True,8,3
TiAl10Cu9,True,9,3
TiAl11Cu8,True,9,3
TiAl12Cu7,False,9,3
TiAl2Cu7,False,8,3
TiAl2Ni,True,7,3
TiAl3Cu,False,7,3
TiAl4,False,5,2
TiAl4Cu5,True,8,3
TiAl4Ni5,False,8,3
TiAl5Cu4,True,8,3
TiAl9,False,5,2
TiAlCu2,True,7,3
TiAlCu3,True,7,3
TiBe,False,4,2
TiCo19B5,True,8,3
TiCu,True,4,2
TiCu2Ni7,False,8,3
TiCu3,True,5,2
TiCu4,False,5,2
TiCu5Ni4,False,8,3
TiCu7Ni2,False,8,3
TiCu8Ni,False,7,3
TiCu9,False,5,2
TiCuNi3,False,7,3
TiCuNi8,False,7,3
TiFe15B4,True,8,3
TiFe19B5,True,8,3
TiNb16Si3,True,9,3
TiNb2Si,False,7,3
TiNi,False,4,2
TiNi15P4,True,8,3
TiNi19P5,True,8,3
TiNi3,False,5,2
TiNi7P2,True,7,3
TiNi9,False,5,2
TiSi4,True,5,2
U20.6Si20.6Pd58.8,True,17,3
V10Co76.5B13.5,True,14,3
V15Co72.25B12.75,True,16,3
V15Fe69B16,True,10,3
V15Fe71B14,True,10,3
V15Fe73B12,False,10,3
V25Co63.75B11.25,True,16,3
V3Fe15B2,False,8,3
V4(Fe25B7)3,True,11,3
V5(Fe13B2)3,True,11,3
V5(Fe14B)3,False,10,3
V5Co17B3,True,8,3
V5Co80.75B14.25,True,15,3
V5Fe37B8,True,8,3
V5Fe38B7,True,8,3
V5Fe41B4,False,8,3
V5Fe43B2,False,8,3
V5Fe79B16,True,9,3
V5Fe81B14,True,9,3
V5Fe83B12,True,9,3
V5Fe87B8,False,8,3
V5Fe89B6,False,8,3
V5Fe91B4,False,8,3
V7Fe76P17,True,9,3
V7Fe79B14,True,9,3
V9Fe74P17,True,9,3
VFe15B4,True,7,3
VFe17B2,False,7,3
VFe39B10,True,8,3
VFe8B,False,5,3
Y(CoB)2,True,7,3
Y(Mg23Cu10)3,True,12,3
Y(Mg28Cu5)3,False,11,3
Y(Mg2Ag)3,True,9,3
Y(Mg2Cu)3,True,9,3
Y(Mg2Ni)3,True,9,3
Y(MgAg)2,True,8,3
Y(MgCu)2,True,8,3
Y(MgNi)2,False,8,3
Y10(Al29Ni)3,True,12,3
Y10Mg89Cu,False,9,3
Y11Al5Ni4,True,9,3
Y11Al89,True,7,2
Y12.5Mg77.5Mn10,False,15,3
Y12.5Mg87.5,False,11,2
Y12Al5Cu8,True,9,3
Y12Mg5Cu8,True,9,3
Y13Al82Ni5,True,10,3
Y13Al87,True,7,2
Y15Mg48Cu37,True,11,3
Y15Mg81Mn4,False,10,3
Y15Mg83Mn2,False,10,3
Y15Mg84Cu,True,9,3
Y2(Al5Ni)3,True,10,3
Y2(Mg5Cu)3,True,10,3
Y2(Mg5Ni)3,True,10,3
Y2.5Mg87.5Mn10,False,14,3
Y2.5Mg89.5Mn8,False,13,3
Y2.5Mg91.5Mn6,True,13,3
Y2.5Mg93.5Mn4,False,13,3
Y2.5Mg95.5Mn2,False,13,3
Y20Mg79Cu,False,9,3
Y21Al15Cu14,True,11,3
Y27Al5Cu18,True,10,3
Y2Al17Ni,True,8,3
Y2Al23,True,6,2
Y2Al5Ni3,True,8,3
Y2Al7Ni,False,7,3
Y2Mg13Ag5,True,9,3
Y2Mg13Cu5,True,9,3
Y2Mg13Ni5,True,9,3
Y2Mg17Ag,False,8,3
Y2Mg17Cu,True,8,3
Y2Mg17Ni,True,8,3
Y2Mg2Ag,True,7,3
Y2Mg3Ag5,True,8,3
Y2Mg5Ag3,True,8,3
Y2Mg5Cu3,True,8,3
Y2Mg5Ni3,True,8,3
Y2Mg7Ag,True,7,3
Y2Mg7Cu,True,7,3
Y2Mg7Ni,False,7,3
Y2MgAg2,False,7,3
Y2MgCu2,False,7,3
Y2MgNi2,True,7,3
Y3(Al10Cu)2,True,11,3
Y3(Mg10Cu)2,True,11,3
Y3Al12Ni5,True,9,3
Y3Al13Ni4,True,9,3
Y3Al14Ni3,True,9,3
Y3Al15Ni2,True,9,3
Y3Al16Ni,False,8,3
Y3Al17,True,6,2
Y3Al22,True,6,2
Y3Al87Ni10,True,10,3
Y3Al88Ni9,True,9,3
Y3Cu2,True,5,2
Y3Mg11Ag6,True,9,3
Y3Mg12Ag5,True,9,3
Y3Mg12Cu5,True,9,3
Y3Mg12Ni5,True,9,3
Y3Mg13Ni4,True,9,3
Y3Mg14Cu3,True,9,3
Y3Mg14Ni3,True,9,3
Y3Mg15Cu2,True,9,3
Y3Mg15Ni2,True,9,3
Y3Mg16Ag,True,8,3
Y3Mg16Ni,False,8,3
Y3Mg17,True,6,2
Y3Mg2Ag5,False,8,3
Y3Mg3Ag4,True,8,3
Y3Mg3Cu4,True,8,3
Y3Mg3Ni4,True,8,3
Y3Mg4Ag3,True,8,3
Y3Mg4Cu3,True,8,3
Y3Mg4Ni3,True,8,3
Y3Mg5Ag2,True,8,3
Y3Mg5Cu2,True,8,3
Y3Mg5Ni2,True,8,3
Y3Mg6Ag,True,7,3
Y3Mg6Cu,False,7,3
Y3MgAg,False,6,3
Y4(MgAg)3,True,9,3
Y4(MgCu)3,False,9,3
Y4Al11Ni5,True,9,3
Y4Al13Ni3,False,9,3
Y4Al15Ni,False,8,3
Y4Mg13Ni3,True,9,3
Y4Mg15Cu,False,8,3
Y4Mg21,True,6,2
Y4Mg5Ag,False,7,3
Y5(Mg14Mn)3,True,11,3
Y51Al15Cu34,True,11,3
Y57Al5Cu38,True,10,3
Y5Al41Ni4,True,9,3
Y5Mg13Cu2,True,9,3
Y5Mg2Ag3,False,8,3
Y5Mg3Ag2,True,8,3
Y5Mg41Mn4,False,9,3
Y5Mg43Mn2,True,9,3
Y5Mg44Mn,True,8,3
Y5Mg87Mn8,True,9,3
Y5Mg89Mn6,True,9,3
Y5Mg91Mn4,True,9,3
Y5Mg93Mn2,False,9,3
Y6Mg13Cu,False,8,3
Y6Mg15Cu4,True,9,3
Y6Mg43Mn,True,8,3
Y7(Al26Ni5)3,True,12,3
Y7.5Mg82.5Mn10,False,14,3
Y7.5Mg84.5Mn8,False,13,3
Y7.5Mg86.5Mn6,True,13,3
Y7.5Mg88.5Mn4,True,13,3
Y7.5Mg90.5Mn2,False,13,3
Y7Al43,True,6,2
Y8Al87Ni5,True,9,3
Y9(Mg5Cu3)2,True,11,3
Y9Al85Cu6,True,9,3
Y9Al91,True,6,2
YAl15Ni4,False,8,3
YAl16Ni3,True,8,3
YAl17Ni2,True,8,3
YAl18Ni,True,7,3
YAl3Ni,True,6,3
YAl44Ni5,True,8,3
YAl7Ni2,True,7,3
YAl8Ni,True,6,3
YAl9,True,4,2
YMg11Cu8,True,8,3
YMg13Ni6,True,8,3
YMg14Ag5,True,8,3
YMg14Cu5,True,8,3
YMg15Ni4,True,8,3
YMg16Ag3,True,8,3
YMg16Cu3,True,8,3
YMg16Mn3,False,8,3
YMg16Ni3,True,8,3
YMg17Ag2,False,8,3
YMg17Cu2,True,8,3
YMg17Ni2,True,8,3
YMg18Ag,False,7,3
YMg18Cu,False,7,3
YMg18Ni,False,7,3
YMg19,False,5,2
YMg3,False,4,2
YMg3Ag,True,6,3
YMg3Cu,True,6,3
YMg3Ni,True,6,3
YMg4,False,4,2
YMg4Ag5,False,7,3
YMg59Cu40,True,9,3
YMg5Ag4,True,7,3
YMg5Ni4,False,7,3
YMg79Cu20,True,9,3
YMg7Ag2,True,7,3
YMg7Cu2,True,7,3
YMg7Ni2,True,7,3
YMg89Cu10,False,9,3
YMg8Ag,True,6,3
YMg8Cu,True,6,3
YMg8Ni,True,6,3
YMg9,False,4,2
YMgAg3,False,6,3
Yb11Cu39,True,8,2
Yb18Cu7,True,7,2
Yb20.22Ce25.73Cu54.05,True,21,3
Yb28.42Ce20.56Cu51.02,True,21,3
Yb9Cu41,True,7,2
Zn29Cu70Pb,True,10,3
Zr(Al2Ni)3,True,10,3
Zr(AlNi)2,False,9,3
Zr(AlNi2)3,False,10,3
Zr(CrCo2)3,True,10,3
Zr(CuNi)2,False,9,3
Zr(Fe2Co)3,True,10,3
Zr(Fe5B)4,True,9,3
Zr(FeCo2)3,True,10,3
Zr10(Fe7Co3)9,True,13,3
Zr10(Fe7Ni3)9,True,13,3
Zr10(Fe9Co)9,True,12,3
Zr10(Fe9Ni)9,True,12,3
Zr10(FeNi9)9,True,12,3
Zr10.2V10.6Co79.2,True,17,3
Zr10.4Cr10.6Co79,True,16,3
Zr10.5Co79.5Mo10,True,16,3
Zr10.5Co80Mo9.5,True,15,3
Zr10.8Cr11.2Co78,True,16,3
Zr10Al0.018Fe89.982,True,19,3
Zr10Al0.036Fe89.964,True,19,3
Zr10Al0.054Fe89.946,True,19,3
Zr10Al0.09Fe89.91,True,17,3
Zr10Al22.5Fe67.5,True,16,3
Zr10Al3Ni7,True,10,3
Zr10AlNi9,True,9,3
Zr10Cr17.1Co72.9,True,16,3
Zr10Cr17Fe73,True,12,3
Zr10Cr3Ni7,True,10,3
Zr10Cr7Fe83,True,11,3
Zr10Cu7Ni3,True,10,3
Zr10Cu9B,True,8,3
Zr10Fe22.5Co67.5,True,16,3
Zr10Fe67.5Co22.5,True,16,3
Zr10Fe76.5Ni13.5,True,16,3
Zr10Fe89.91Ge0.09,True,17,3
Zr10Fe89.91Si0.09,True,17,3
Zr10Fe89.946Ge0.054,True,19,3
Zr10Fe89.946Si0.054,True,19,3
Zr10Fe89.964Ge0.036,True,19,3
Zr10Fe89.964Si0.036,True,19,3
Zr10Fe89.982Ge0.018,True,19,3
Zr10Fe89.982Si0.018,True,19,3
Zr10Ni73B17,True,11,3
Zr10Ti3Si7,True,10,3
Zr10Ti4Cu11,True,11,3
Zr10Ti7Si3,True,10,3
Zr10V0.018Fe89.982,True,18,3
Zr10V0.036Fe89.964,True,18,3
Zr10V0.054Fe89.946,True,18,3
Zr10V0.09Fe89.91,True,16,3
Zr11(Al2Ni)3,True,12,3
Zr11(AlNi2)3,True,12,3
Zr11(Cu2Ni)3,True,12,3
Zr11(CuNi2)3,True,12,3
Zr11(Nb2Ge)3,True,12,3
Zr11(Nb2Si)3,True,12,3
Zr11(Ta2Si)3,True,12,3
Zr11(Ti2Si)3,True,12,3
Zr11(TiSi2)3,True,12,3
Zr11(V2Si)3,True,11,3
Zr11.2Co78Mo10.8,True,16,3
Zr11.2Co82.2W6.6,True,16,3
Zr11.4Cr11.6Co77,True,16,3
Zr11.5Co74.5W14,True,15,3
Zr11.5Fe84B4.5,True,14,3
Zr11Al2Ni7,True,10,3
Zr11Al4Cu5,True,10,3
Zr11Al4Ni5,True,10,3
Zr11Al57Ni32,True,12,3
Zr11Al5Co4,True,10,3
Zr11Al5Ni4,True,10,3
Zr11AlNi8,True,9,3
Zr11Be7Nb2,True,10,3
Zr11Be9,True,7,2
Zr11Cu14,True,8,2
Zr11Cu5Ni4,True,10,3
Zr11Cu7B2,True,9,3
Zr11Cu8B,True,8,3
Zr11Fe89,True,8,2
Zr11Nb8Si,False,9,3
Zr11Ti22Cu17,False,12,3
Zr11Ti4Si5,True,10,3
Zr11Ti5Si4,True,10,3
Zr12.2V12Co75.8,True,15,3
Zr12.5Co74.5Mo13,True,16,3
Zr12.5Co80.5W7,True,14,3
Zr12Al3Cu5,True,10,3
Zr12Al3Ni5,True,10,3
Zr12Al5Ni3,True,10,3
Zr12Al7Ni,False,9,3
Zr12Al8Ni5,True,10,3
Zr12AlNi7,True,9,3
Zr12Be5Nb3,False,10,3
Zr12Be7Nb,True,9,3
Zr12Cr12.6Co75.4,True,16,3
Zr12Cr3Ni5,True,10,3
Zr12Cu3Ni5,True,10,3
Zr12Cu5Ni3,True,10,3
Zr12Cu7B,True,8,3
Zr12Fe75B13,True,11,3
Zr12Fe83B5,True,10,3
Zr12Fe85B3,True,10,3
Zr12Ti23Si65,True,12,3
Zr12Ti3Si5,True,10,3
Zr12Ti5Si3,True,10,3
Zr12V15Ni23,True,11,3
Zr13(Al19Ni10)3,True,15,3
Zr13(Al2Ni)4,True,12,3
Zr13(Ti4Si25)3,True,14,3
Zr13(TiSi5)2,True,12,3
Zr13Al2Cu5,True,10,3
Zr13Al2Ni5,True,10,3
Zr13Al3Cu4,True,10,3
Zr13Al3Ni4,True,10,3
Zr13Al4Cu3,True,10,3
Zr13Al4Ni3,True,10,3
Zr13Al5Ni2,True,10,3
Zr13AlCu6,True,9,3
Zr13AlNi6,True,9,3
Zr13Be4Nb3,False,10,3
Zr13Be5Nb2,False,10,3
Zr13Be6Nb,True,9,3
Zr13Be7,True,7,2
Zr13Co5Pd2,True,10,3
Zr13Co6Pd,True,9,3
Zr13Co74W13,True,11,3
Zr13Cr4Si3,True,10,3
Zr13Cu5B2,True,9,3
Zr13Cu6B,True,8,3
Zr13Fe85B2,True,10,3
Zr13Fe87,False,8,2
Zr13Ge3Mo4,True,10,3
Zr13Nb4Ge3,True,10,3
Zr13Nb4Si3,True,10,3
Zr13Nb6Si,False,9,3
Zr13Si3Mo4,True,10,3
Zr13Ta4Ge3,True,10,3
Zr13Ta4Si3,True,10,3
Zr13Ti3Si4,True,10,3
Zr13Ti4Ge3,True,10,3
Zr13Ti4Si3,True,10,3
Zr13V10Ni27,True,11,3
Zr13V2Ni5,True,9,3
Zr13V4Ge3,True,9,3
Zr13V4Si3,True,9,3
Zr14(Al5Ni7)3,True,13,3
Zr14(AlFe)3,True,11,3
Zr14(AlNi)3,True,11,3
Zr14(AlNi3)9,True,12,3
Zr14(CrNi)3,True,11,3
Zr14(MnAl)3,True,11,3
Zr14(SiMo)3,True,11,3
Zr14(TiSi)3,True,11,3
Zr14.5Co65.5Mo20,True,16,3
Zr14.5V18Co67.5,True,15,3
Zr14.8V16Co69.2,True,15,3
Zr14Al11Ni25,True,12,3
Zr14Al13Ni23,True,12,3
Zr14Al5Ni,True,9,3
Zr14AlNi5,True,9,3
Zr14Cu5B,True,8,3
Zr14Ni7B4,True,9,3
Zr15(Ni3B2)2,True,12,3
Zr15(Ni4B)2,True,11,3
Zr15.2V12Co72.8,True,15,3
Zr15.4Co68.6Mo16,True,16,3
Zr15.5V10Co74.5,True,15,3
Zr15.6Co76.4W8,True,14,3
Zr15.7Co70.3Mo14,True,16,3
Zr15.7V8Co76.3,True,14,3
Zr15.8Co78.2W6,True,14,3
Zr15Al17Ni18,True,12,3
Zr15Al2Ni3,True,10,3
Zr15Al3Ni2,True,10,3
Zr15Al3Ni32,True,11,3
Zr15Al57Ni28,True,12,3
Zr15Al7Ni3,True,10,3
Zr15AlNi4,True,9,3
Zr15Co67Mo18,True,12,3
Zr15Cr2Si3,True,10,3
Zr15Cu4B,True,8,3
Zr15Cu4Ni,False,9,3
Zr15CuNi4,False,9,3
Zr15Fe2Si3,True,10,3
Zr15Fe72B13,True,11,3
Zr15Fe82B3,False,10,3
Zr15Ge3Mo2,True,10,3
Zr15Nb2Ge3,True,10,3
Zr15Nb2Si3,True,10,3
Zr15Ni9B,True,8,3
Zr15Si302,True,9,2
Zr15Si3Mo2,True,10,3
Zr15Si3Ru2,True,10,3
Zr15Ta2Si3,True,10,3
Zr15Ti2Si3,True,10,3
Zr15Ti3Si2,True,10,3
Zr15Ti4Si,True,9,3
Zr15V14Co71,True,11,3
Zr15V2Ge3,True,9,3
Zr15V2Si3,True,9,3
Zr16(AlNi)17,True,12,3
Zr16(Co11B)7,True,12,3
Zr16.3Co75.7Mo8,True,15,3
Zr16.3Co79.7Mo4,True,15,3
Zr16.5Co77.5Mo6,True,15,3
Zr16.5Cr16Co67.5,True,16,3
Zr16Al3Ni,True,9,3
Zr16AlNi3,True,9,3
Zr16AlNi33,True,10,3
Zr16Co71B13,True,11,3
Zr16Cu3B,True,8,3
Zr16Ni9,True,7,2
Zr16Si3Mo,True,9,3
Zr16Ti3Si,True,9,3
Zr16TiSi3,True,9,3
Zr17(Al6Ni5)3,True,13,3
Zr17(Ni3P)2,True,11,3
Zr17(SiNi3)2,True,12,3
Zr17.5Cr10Co72.5,True,16,3
Zr17.5Cr4Co78.5,True,15,3
Zr17.5Cr6Co76.5,True,15,3
Zr17.5Cr8Co74.5,True,15,3
Zr17.5Cu80B2.5,True,14,3
Zr17Al2Ni,False,9,3
Zr17Al57Ni26,True,12,3
Zr17Al59Ni24,True,12,3
Zr17Al65Ni18,True,12,3
Zr17AlNi2,True,9,3
Zr17Cr12Co71,True,12,3
Zr17Cr14Co69,True,12,3
Zr17Cr2Co81,True,11,3
Zr17Ge3,True,7,2
Zr17Si3,True,7,2
Zr17Ti13Si20,True,12,3
Zr17Ti3,True,7,2
Zr17Ti8Cu75,False,11,3
Zr18Cu7,False,7,2
Zr18Ni6P,True,8,3
Zr18Ni7,True,7,2
Zr18SiNi6,True,9,3
Zr18Ti35Cu47,True,12,3
Zr19Cu31,True,8,2
Zr19Fe6,True,7,2
Zr19Ti11Si70,True,12,3
Zr2(AlNi5)3,False,11,3
Zr2(CrCo5)3,True,11,3
Zr2(CrFe5)3,True,11,3
Zr2(Fe5B)3,True,10,3
Zr2(FeCo)9,True,10,3
Zr2(Ti5Si)3,True,11,3
Zr2(TiSi5)3,True,11,3
Zr2.5Nb8.5Co89,True,14,3
Zr21(AlNi)2,True,11,3
Zr21Al17Ni12,True,12,3
Zr21AlNi3,True,9,3
Zr21Cu28P,True,9,3
Zr21Nb22Cu57,True,12,3
Zr21Ti24Si55,True,12,3
Zr21Ti4Si25,True,11,3
Zr22.5Cu75B2.5,False,14,3
Zr22Ti13Si15,True,12,3
Zr23Al17Ni10,True,12,3
Zr23Nb20Cu57,True,12,3
Zr23Ti5Cu22,True,11,3
Zr23V30Ni47,True,11,3
Zr24.5V25Ni50.5,True,15,3
Zr24Cu75B,False,9,3
Zr27.5Cu70B2.5,True,14,3
Zr27Cu23,False,8,2
Zr27V20Ni53,True,11,3
Zr28(Nb5Cu19)3,True,14,3
Zr28.8Nb33Cu38.2,True,16,3
Zr28Al15Ni7,True,11,3
Zr28Ti41Cu31,False,12,3
Zr29Al11Ni60,True,12,3
Zr29Al13Ni58,True,12,3
Zr29Al33Ni38,True,12,3
Zr29Al9Ni62,True,11,3
Zr29Cu70B,True,9,3
Zr29V10Ni11,True,11,3
Zr2Al16Ni7,True,10,3
Zr2Al17Ni6,True,10,3
Zr2Al21Ni2,True,10,3
Zr2Al2Ni,False,8,3
Zr2Al3Ni5,False,9,3
Zr2Al41Ni7,True,10,3
Zr2Al43Ni5,True,10,3
Zr2Al5Ni3,False,9,3
Zr2Al7Ni,False,8,3
Zr2Al83Ni15,False,11,3
Zr2Al89Ni9,True,10,3
Zr2AlCo17,True,9,3
Zr2AlNi,True,7,3
Zr2AlNi17,True,9,3
Zr2AlNi2,True,8,3
Zr2AlNi7,False,8,3
Zr2Co13B5,True,9,3
Zr2Co17B,True,8,3
Zr2Co17Mo,True,9,3
Zr2Co17Ni,True,9,3
Zr2Co17Si,True,9,3
Zr2Co17W,True,8,3
Zr2Cr5Co13,True,10,3
Zr2Cr5Fe13,True,10,3
Zr2CrCo17,True,9,3
Zr2Cu2Ni,True,8,3
Zr2Cu3,True,6,2
Zr2Cu3Ni5,False,9,3
Zr2Cu5Ni3,False,9,3
Zr2Cu7Ni,False,8,3
Zr2CuNi,True,7,3
Zr2CuNi2,True,8,3
Zr2Fe17B,True,8,3
Zr2Fe18B5,True,9,3
Zr2Fe20B3,True,9,3
Zr2Fe22B,True,8,3
Zr2Fe23,True,7,2
Zr2Fe83B15,True,10,3
Zr2FeCo17,True,9,3
Zr2FeCu2,True,8,3
Zr2Mn17Co,True,9,3
Zr2Ni3,True,6,2
Zr2Ti3Cu5,True,9,3
Zr2Ti3Ni5,True,9,3
Zr2TiSi,True,7,3
Zr2TiSi2,True,8,3
Zr2V2Co21,True,9,3
Zr2VCo17,True,8,3
Zr2VCo22,True,8,3
Zr2VNi2,True,7,3
Zr3(Fe10B)2,True,11,3
Zr30.1Nb30Cu39.9,True,16,3
Zr30Ni17B3,True,10,3
Zr30Ni19B,True,9,3
Zr31(Ti3Si20)3,True,14,3
Zr31Ti4Si15,True,11,3
Zr32.3Nb25Cu42.7,True,16,3
Zr32.5Cu65B2.5,True,14,3
Zr33Al13Ni4,True,11,3
Zr33Al35Ni32,True,12,3
Zr33Nb10Cu57,True,12,3
Zr33Ni67,True,8,2
Zr33Ti12Si5,True,11,3
Zr34.4Nb20Cu45.6,True,16,3
Zr34Fe11Si5,True,11,3
Zr35(Ni4P)3,True,11,3
Zr35(SiNi4)3,True,12,3
Zr35Al13Ni2,True,11,3
Zr35Fe11B4,True,10,3
Zr35Fe14Ir,True,10,3
Zr35Fe14Pd,True,10,3
Zr35Fe14Rh,True,10,3
Zr35Fe14Ru,True,10,3
Zr35Ti11Cu54,True,12,3
Zr36.6Nb15Cu48.4,True,16,3
Zr36Ti9Si55,True,11,3
Zr37.5Cu55B7.5,True,14,3
Zr37.5Cu60B2.5,True,14,3
Zr37.5Sc37.5Fe25,True,16,3
Zr37Al12Ni,True,10,3
Zr37Ni12P,True,9,3
Zr37Ni63,True,8,2
Zr37SiNi12,True,10,3
Zr38.7Nb10Cu51.3,True,16,3
Zr38Al11Ni,True,10,3
Zr38Nb5Cu57,True,11,3
Zr38V25Ni37,True,11,3
Zr39Al10Ni,True,10,3
Zr39Al35Ni26,True,12,3
Zr39Cu60B,True,9,3
Zr39Ti11,True,8,2
Zr39Ti26Si35,True,12,3
Zr3Al,False,5,2
Zr3Al11Ni6,False,10,3
Zr3Al13Ni4,True,10,3
Zr3Al14Ni3,False,10,3
Zr3Al2Ni5,True,9,3
Zr3Al38Ni9,True,10,3
Zr3Al3Ni4,True,9,3
Zr3Al42Ni5,True,10,3
Zr3Al4Ni3,False,9,3
Zr3Al5Ni2,False,9,3
Zr3Al6Ni,False,8,3
Zr3Al87Ni10,True,11,3
Zr3AlNi,True,7,3
Zr3AlNi6,True,8,3
Zr3Be2,True,6,2
Zr3BeNb,False,7,3
Zr3Co15W2,True,9,3
Zr3Co17,True,7,2
Zr3Co41W6,True,9,3
Zr3Co44Mo3,True,10,3
Zr3Cr5Co42,True,10,3
Zr3Cr6Co41,True,10,3
Zr3Cr7Co40,True,10,3
Zr3Cu2,True,6,2
Zr3Cu2Ni5,True,9,3
Zr3Cu3Ni4,True,9,3
Zr3Cu4Ni3,True,9,3
Zr3Cu5Ni2,True,9,3
Zr3Cu6Ni,True,8,3
Zr3Cu7,True,6,2
Zr3CuNi,True,7,3
Zr3CuNi6,True,8,3
Zr3Fe15B2,True,9,3
Zr3Fe16B,True,8,3
Zr3Fe17,True,7,2
Zr3Fe22,True,7,2
Zr3Fe39B8,True,9,3
Zr3Fe40B7,True,9,3
Zr3Fe45B2,True,9,3
Zr3Fe4Si13,True,10,3
Zr3Fe75B22,True,10,3
Zr3Fe78B19,True,10,3
Zr3Fe80B17,True,10,3
Zr3Fe82B15,True,10,3
Zr3Fe87B10,True,10,3
Zr3Fe90B7,False,9,3
Zr3Fe93B4,False,9,3
Zr3Nb13Si4,True,10,3
Zr3Nb14Si3,True,10,3
Zr3Nb5Si2,False,9,3
Zr3Ni2,True,6,2
Zr3Ni7,True,6,2
Zr3Ti14Si3,True,10,3
Zr3Ti22Si75,True,11,3
Zr3Ti2Si5,True,9,3
Zr3Ti3Be4,True,9,3
Zr3Ti3Cu4,True,9,3
Zr3Ti3Si14,True,10,3
Zr3Ti4Cu13,True,10,3
Zr3Ti4Si13,True,10,3
Zr3Ti5Cu12,True,10,3
Zr3Ti7Si40,True,10,3
Zr3TiSi,True,7,3
Zr3VNi6,True,7,3
Zr4(AlNi)3,True,10,3
Zr4(Co6Mo)3,True,11,3
Zr4(CuNi)3,True,10,3
Zr4(Fe25B7)3,True,12,3
Zr4(Ti2Si5)3,True,12,3
Zr4.5Fe92B3.5,True,13,3
Zr40(FeCu19)3,True,13,3
Zr40(Ti7Cu13)3,True,14,3
Zr40.9Nb5Cu54.1,True,15,3
Zr40Al9Ni,True,9,3
Zr40Fe7Cu53,True,11,3
Zr40FeCu59,True,10,3
Zr40Ni59Pd,True,10,3
Zr41Al7Ni2,True,10,3
Zr41Ni9,True,7,2
Zr42.5Cu50B7.5,True,14,3
Zr42.5Cu55B2.5,True,14,3
Zr42.6Nb1Cu56.4,True,15,3
Zr42AlNi7,True,9,3
Zr42NbCu57,True,10,3
Zr43Nb40Si17,True,12,3
Zr44Ti17Cu39,True,12,3
Zr45(Al3Ni2)11,True,14,3
Zr45Co54Pd,True,10,3
Zr46.9Fe30Ni23.1,True,16,3
Zr46.9Mn30Ni23.1,True,16,3
Zr47.5Cu50B2.5,True,14,3
Zr47Nb40Si13,True,12,3
Zr47Ti8Si45,True,11,3
Zr48Al25Ni27,True,12,3
Zr49Cu50B,True,9,3
Zr49Nb40Si11,True,12,3
Zr49Ni49P2,True,10,3
Zr4Al,False,5,2
Zr4Al31Ni15,True,11,3
Zr4Al33Ni13,True,11,3
Zr4Al35Ni11,True,11,3
Zr4Al41Ni5,False,10,3
Zr4Al5Ni,False,8,3
Zr4AlNi5,True,8,3
Zr4Be,False,5,2
Zr4Co17B4,True,9,3
Zr4Co20W,True,8,3
Zr4Co21,True,7,2
Zr4Co45Mo,True,9,3
Zr4CrNi5,True,8,3
Zr4Cu5Ni,True,8,3
Zr4CuNi5,True,8,3
Zr4Fe35B11,True,10,3
Zr4Fe39B7,True,9,3
Zr4Fe41B5,True,9,3
Zr4Fe45B,True,8,3
Zr4FeCu5,True,8,3
Zr4Ni,True,5,2
Zr4Ti,True,5,2
Zr4Ti11Si35,True,11,3
Zr4Ti13Si3,True,10,3
Zr4Ti3Si13,True,10,3
Zr4Ti5Cu11,True,10,3
Zr4VCo20,True,8,3
Zr5(Al13Ni2)3,True,13,3
Zr5(Co14W)3,True,11,3
Zr5(CrFe14)3,True,12,3
Zr5(Fe13B2)3,True,12,3
Zr5(Fe14B)3,True,11,3
Zr5(Fe2Co3)9,True,12,3
Zr5(Fe2Ni3)9,True,12,3
Zr5(Fe3Co2)9,True,12,3
Zr5(Fe3Ni2)9,True,12,3
Zr5(Fe4Co)9,True,11,3
Zr5(Fe4Ni)9,True,11,3
Zr5(FeCo4)9,True,11,3
Zr5(FeNi4)9,True,11,3
Zr5(Nb4Ge)3,True,11,3
Zr5(Nb4Si)3,True,11,3
Zr5(Ti4Si)3,True,11,3
Zr5(TiSi14)3,False,12,3
Zr5(TiSi4)3,True,11,3
Zr5.2Co74.8Mo20,True,15,3
Zr5.2Co84.8Mo10,True,15,3
Zr5.2Co84.8W10,True,14,3
Zr5.2Co86.8W8,True,13,3
Zr5.5Co86.5Mo8,True,14,3
Zr5.5Co88.5W6,True,13,3
Zr5.5Fe80B14.5,True,14,3
Zr5.5Fe92B2.5,True,13,3
Zr50.25Fe25Ni24.75,True,18,3
Zr50.25Mn25Ni24.75,True,18,3
Zr50.25Ti25Ni24.75,True,18,3
Zr50.25V25Ni24.75,True,17,3
Zr51.2Al20Ni28.8,True,16,3
Zr51Nb40Si9,True,11,3
Zr51V20Ni29,True,11,3
Zr51V25Ni24,True,11,3
Zr52.5Cu45B2.5,True,14,3
Zr53.2Fe16.8B30,True,15,3
Zr53.6Co20Ni26.4,True,16,3
Zr53.6Cr20Ni26.4,True,16,3
Zr53.6Cu20Ni26.4,True,16,3
Zr53.6Fe20Ni26.4,True,16,3
Zr53.6Mn20Ni26.4,True,16,3
Zr53.6Ti20Ni26.4,True,16,3
Zr53.6V20Ni26.4,True,15,3
Zr53Nb30Si17,True,12,3
Zr53Nb40Si7,False,11,3
Zr54.4Al15Ni30.6,True,16,3
Zr56.95Co15Ni28.05,True,18,3
Zr56.95Cr15Ni28.05,True,18,3
Zr56.95Cu15Ni28.05,True,18,3
Zr56.95Fe15Ni28.05,True,18,3
Zr56.95Mn15Ni28.05,True,18,3
Zr56.95Ti15Ni28.05,True,18,3
Zr56.95V15Ni28.05,True,17,3
Zr57.5Cu35B7.5,True,14,3
Zr57.5Cu40B2.5,True,14,3
Zr57.6Al10Ni32.4,True,16,3
Zr57Fe18B25,True,11,3
Zr57Nb30Si13,True,12,3
Zr57Ti8Si35,True,11,3
Zr59Cu40B,True,9,3
Zr59Nb30Si11,False,12,3
Zr5Al29Ni16,True,11,3
Zr5Al2Ni3,True,9,3
Zr5Al3Ni2,True,9,3
Zr5Al4Ni,False,8,3
Zr5Al79Ni16,True,11,3
Zr5Al82Ni13,True,11,3
Zr5Al86Ni9,True,10,3
Zr5Al87.5Ni7.5,False,14,3
Zr5Al88Ni7,True,10,3
Zr5AlCo44,True,9,3
Zr5AlNi4,True,8,3
Zr5AlNi44,True,9,3
Zr5Co37B8,True,9,3
Zr5Co3Ni2,True,9,3
Zr5Co43B2,True,9,3
Zr5Co44B,True,8,3
Zr5Co44Ni,True,9,3
Zr5Co44Si,True,9,3
Zr5Co77Mo18,True,11,3
Zr5Co79Mo16,True,11,3
Zr5Co81Mo14,True,11,3
Zr5Co83Mo12,True,11,3
Zr5Cr2Fe43,True,10,3
Zr5Cr4Fe41,True,10,3
Zr5CrFe44,True,9,3
Zr5Cu14B,True,8,3
Zr5Cu2Ni3,True,9,3
Zr5Cu3Ni2,True,9,3
Zr5Cu4Ni,True,8,3
Zr5CuNi4,True,8,3
Zr5Fe34B11,True,10,3
Zr5Fe41B4,True,9,3
Zr5Fe43B2,True,9,3
Zr5Fe43Co2,True,10,3
Zr5Fe44B,True,8,3
Zr5Fe73B22,True,10,3
Zr5Fe78B17,True,10,3
Zr5Fe82B13,True,10,3
Zr5Fe84B11,True,10,3
Zr5Fe86B9,True,9,3
Zr5Fe88B7,False,9,3
Zr5Mn2Fe43,True,10,3
Zr5Mn44Co,True,9,3
Zr5Mn4Fe41,True,10,3
Zr5MnFe44,True,9,3
Zr5Nb11Si4,True,10,3
Zr5Ni78B17,True,10,3
Zr5Ti2Si13,True,10,3
Zr5Ti2Si3,True,9,3
Zr5Ti2Si43,False,10,3
Zr5Ti4Cu11,True,10,3
Zr5Ti4Si11,True,10,3
Zr5Ti4Si41,False,10,3
Zr5TiSi44,False,9,3
Zr5V3Ni2,True,8,3
Zr6(AlNi)7,True,10,3
Zr6.2Co89.8W4,True,13,3
Zr6.5Cr16Co77.5,True,15,3
Zr6.5Cr8Co85.5,True,14,3
Zr6.5Fe92B1.5,True,13,3
Zr6.5V10Co83.5,True,14,3
Zr6.5V12Co81.5,True,14,3
Zr6.5V14Co79.5,True,14,3
Zr6.8Cr6Co87.2,True,14,3
Zr6.8V16Co77.2,True,14,3
Zr60.3Co10Ni29.7,True,16,3
Zr60.3Cr10Ni29.7,True,16,3
Zr60.3Cu10Ni29.7,True,16,3
Zr60.3Fe10Ni29.7,True,16,3
Zr60.3Mn10Ni29.7,True,16,3
Zr60.3Ti10Ni29.7,True,16,3
Zr60.3V10Ni29.7,True,15,3
Zr60.8Al5Ni34.2,True,15,3
Zr61(Nb10Si3)3,False,14,3
Zr61Fe19B20,True,11,3
Zr62.5Be32.5Nb5,True,15,3
Zr62.5Be35Nb2.5,True,15,3
Zr62.5Cu30B7.5,True,14,3
Zr62.5Cu35B2.5,True,14,3
Zr63.5Be32.5Nb4,True,15,3
Zr63.65Co5Ni31.35,True,17,3
Zr63.65Cr5Ni31.35,True,17,3
Zr63.65Cu5Ni31.35,True,17,3
Zr63.65Fe5Ni31.35,True,17,3
Zr63.65Mn5Ni31.35,True,17,3
Zr63.65Ti5Ni31.35,True,17,3
Zr63.65V5Ni31.35,True,16,3
Zr63Al27Ni10,True,12,3
Zr63Fe20B17,True,11,3
Zr63Nb30Si7,False,11,3
Zr64V5Ni31,True,10,3
Zr65Al7.5Cu27.5,True,15,3
Zr65Be32.5Nb2.5,True,15,3
Zr65Co34Pd,True,10,3
Zr66.85Co33Ni0.15,True,17,3
Zr66.85Cr33Ni0.15,True,17,3
Zr66.85Cu33Ni0.15,True,17,3
Zr66.85Fe33Ni0.15,True,17,3
Zr66.85Mn33Ni0.15,True,17,3
Zr66.85Ti0.15Ni33,True,17,3
Zr66.85V0.15Ni33,True,16,3
Zr66.8Co33Ni0.2,True,15,3
Zr66.8Cr33Ni0.2,True,15,3
Zr66.8Cu33Ni0.2,True,15,3
Zr66.8Fe33Ni0.2,True,15,3
Zr66.8Mn33Ni0.2,True,15,3
Zr66.8Ti0.2Ni33,True,15,3
Zr66.8V0.2Ni33,True,14,3
Zr66.95Co33Ni0.05,True,17,3
Zr66.95Cr33Ni0.05,True,17,3
Zr66.95Cu33Ni0.05,True,17,3
Zr66.95Fe33Ni0.05,True,17,3
Zr66.95Mn33Ni0.05,True,17,3
Zr66.95Ti0.05Ni33,True,17,3
Zr66.95V0.05Ni33,True,16,3
Zr66.9Co33Ni0.1,True,15,3
Zr66.9Cr33Ni0.1,True,15,3
Zr66.9Cu33Ni0.1,True,15,3
Zr66.9Fe33Ni0.1,True,15,3
Zr66.9Mn33Ni0.1,True,15,3
Zr66.9Ti0.1Ni33,True,15,3
Zr66.9V0.1Ni33,True,14,3
Zr67(Al9Ni2)3,True,13,3
Zr67(Co2P)11,True,12,3
Zr67(Fe7B4)3,True,12,3
Zr67.5Be32.5,True,12,2
Zr67.5Cu25B7.5,True,14,3
Zr67.5Cu30B2.5,True,14,3
Zr67Co28P5,True,10,3
Zr67Co33,True,8,2
Zr67Cu33,True,8,2
Zr67Fe13.2Ni19.8,True,16,3
Zr67Fe16.5Ni16.5,True,16,3
Zr67Fe20.2Ni12.8,True,16,3
Zr67Fe23.1Ni9.9,True,15,3
Zr67Fe29.7Ni3.3,True,15,3
Zr67Fe3.3Ni29.7,True,15,3
Zr67Fe33,True,8,2
Zr67Fe6.6Ni26.4,True,15,3
Zr67Fe9.9Ni23.1,True,15,3
Zr67Ni33,True,8,2
Zr67Ti8Si25,True,11,3
Zr69Cu30B,True,9,3
Zr6Al37Ni7,True,10,3
Zr6Al3Ni,False,8,3
Zr6Al3Ni11,True,10,3
Zr6Al5Ni9,True,9,3
Zr6AlNi13,True,9,3
Zr6AlNi3,True,8,3
Zr6Cu13B,True,8,3
Zr6Cu3B,True,7,3
Zr6Cu3Ni,True,8,3
Zr6CuNi3,True,8,3
Zr6Fe39B5,True,9,3
Zr6Fe79B15,True,10,3
Zr6Ni3B,True,7,3
Zr6Ti11Si3,True,10,3
Zr6Ti3Si11,True,10,3
Zr6Ti5Cu9,True,9,3
Zr6Ti5Si9,True,9,3
Zr6V5Ni9,True,8,3
Zr6VNi3,True,7,3
Zr7(Al2Ni7)2,True,12,3
Zr7(Al4Ni5)2,True,12,3
Zr7(AlNi2)6,True,11,3
Zr7(Cr6Co25)3,True,13,3
Zr7(Fe26B5)3,True,12,3
Zr7(Fe27B4)3,True,12,3
Zr7(Fe29B2)3,True,12,3
Zr7(Fe30B)3,True,11,3
Zr7(V6Co25)3,True,12,3
Zr7.2Cr20Co72.8,True,15,3
Zr7.4Co86.2Mo6.4,True,16,3
Zr7.5Co79.5W13,True,14,3
Zr7.5Cr4Co88.5,True,14,3
Zr7.5V20Co72.5,True,14,3
Zr7.5V6Co86.5,True,13,3
Zr7.8Co90.2W2,True,13,3
Zr71.4Fe22.6B6,True,14,3
Zr71Ti9Si20,True,11,3
Zr72.5Cu25B2.5,True,14,3
Zr72Ti23Si5,True,11,3
Zr73Fe23B4,True,10,3
Zr75Ni24P,True,9,3
Zr75SiNi24,True,10,3
Zr76(Ti3Si5)3,True,13,3
Zr77.5Cu15B7.5,False,14,3
Zr77.5Cu20B2.5,True,14,3
Zr79Cu20B,False,9,3
Zr7Al2Cr,True,8,3
Zr7Al2Ni,True,8,3
Zr7Al2Ni11,True,10,3
Zr7Al3,False,6,2
Zr7Al35Ni8,True,10,3
Zr7Al3Ni10,True,10,3
Zr7Al4Ni9,True,9,3
Zr7Al5Ni13,True,10,3
Zr7Al5Ni8,True,9,3
Zr7Al6Ni7,True,9,3
Zr7Al73Ni20,True,11,3
Zr7Al7Ni11,True,10,3
Zr7Al83Ni10,True,11,3
Zr7AlNi12,True,9,3
Zr7AlNi2,True,8,3
Zr7Be2Nb,False,8,3
Zr7Be3,True,6,2
Zr7Co3,True,6,2
Zr7Co37W6,True,9,3
Zr7Co39W4,True,9,3
Zr7Co89Mo4,True,10,3
Zr7Co91B2,True,9,3
Zr7Cu12B,True,8,3
Zr7Cu13,True,7,2
Zr7Cu2Ni,True,8,3
Zr7Cu3,True,6,2
Zr7CuNi2,True,8,3
Zr7Fe3,True,6,2
Zr7Fe77B16,True,10,3
Zr7Fe84.5B8.5,True,13,3
Zr7Fe85B8,True,9,3
Zr7Fe89B4,True,9,3
Zr7Fe91B2,True,9,3
Zr7Fe92B,True,8,3
Zr7Fe93,False,7,2
Zr7Nb10Ge3,True,10,3
Zr7Nb10Si3,True,10,3
Zr7Ni13,True,7,2
Zr7Ni3,True,6,2
Zr7Ti10Si3,True,10,3
Zr7Ti2Si,True,8,3
Zr7Ti3Cu10,True,10,3
Zr7Ti3Si10,True,10,3
Zr7Ti4Cu9,True,9,3
Zr7Ti4Si9,True,9,3
Zr7V10Co33,True,10,3
Zr7V2Ni11,True,9,3
Zr7V8Co85,True,9,3
Zr8(AlNi3)3,True,11,3
Zr8(Cr3Co11)3,True,13,3
Zr8(CrNi3)3,True,11,3
Zr8(Ti3Si)3,True,11,3
Zr8(TiSi3)3,True,11,3
Zr8(VCo13)3,True,11,3
Zr8.3Cr2Co89.7,True,14,3
Zr8.3Cr8.3Co83.4,True,16,3
Zr8.5V2Co89.5,True,13,3
Zr83Al11Ni6,True,11,3
Zr83AlNi16,True,10,3
Zr83Ge17,True,8,2
Zr83Si17,True,8,2
Zr83Ti12Si5,True,11,3
Zr85(Si2Sn3)3,True,13,3
Zr85(Si4C)3,False,11,3
Zr85Al8Si7,True,10,3
Zr87Ge13,True,8,2
Zr87Si13,True,8,2
Zr8Al5Ni7,True,9,3
Zr8AlNi,True,7,3
Zr8AlNi11,True,9,3
Zr8Co37B5,True,9,3
Zr8Co37Mo5,True,10,3
Zr8Co41B,True,8,3
Zr8Co41Mo,True,9,3
Zr8Co41W,True,8,3
Zr8CrNi11,True,9,3
Zr8Cu11B,True,8,3
Zr8CuNi,False,7,3
Zr8Fe75B17,True,10,3
Zr8Fe85B7,True,9,3
Zr8Fe89.5B2.5,True,13,3
Zr8FeCu11,True,9,3
Zr8Ni17,True,7,2
Zr8TiSi,True,7,3
Zr8V5Ni12,True,9,3
Zr8VCo41,True,8,3
Zr9(Co11W2)7,True,12,3
Zr9.2Cr9.6Co81.2,True,16,3
Zr9.2V9Co81.8,True,13,3
Zr9.4Co81.6Mo9,True,14,3
Zr9.5Co85.5W5,True,13,3
Zr92.5Be7.5,False,11,2
Zr97.5Be2.5,False,11,2
Zr9Al30Ni11,True,11,3
Zr9Al31Ni10,True,11,3
Zr9Al3Ni8,True,9,3
Zr9Al4Ni7,True,9,3
Zr9Al59Ni32,True,11,3
Zr9Al5Ni6,True,9,3
Zr9Al6Ni5,True,9,3
Zr9Al7Ni4,True,9,3
Zr9Al81Ni10,True,11,3
Zr9Al9Ni2,True,9,3
Zr9Al9Ni7,True,9,3
Zr9AlNi10,True,9,3
Zr9Be,False,5,2
Zr9Co11,True,7,2
Zr9Co82.4Mo8.6,True,14,3
Zr9Co91,True,7,2
Zr9Cu10B,True,8,3
Zr9Cu6Ni5,True,9,3
Zr9Cu7Ni4,True,9,3
Zr9Cu8Ni3,True,9,3
Zr9Fe90B,True,8,3
Zr9Fe91,True,7,2
Zr9Nb8Ge3,True,9,3
Zr9Nb8Si3,True,9,3
Zr9Ta8Si3,True,9,3
Zr9Ti3Si8,True,9,3
Zr9Ti4Si7,True,9,3
Zr9Ti8Si3,True,9,3
Zr9V2Ni9,True,8,3
Zr9V8Si3,True,8,3
ZrAl14Ni5,False,9,3
ZrAl16Ni3,True,9,3
ZrAl17Ni2,True,9,3
ZrAl18Ni,False,8,3
ZrAl2Ni7,False,8,3
ZrAl3Ni,True,7,3
ZrAl43Ni6,True,9,3
ZrAl44Ni5,True,9,3
ZrAl4Ni5,False,8,3
ZrAl5Ni4,False,8,3
ZrAl7Ni2,True,8,3
ZrAl8Ni,False,7,3
ZrAlNi3,False,7,3
ZrAlNi8,False,7,3
ZrBe,True,4,2
ZrCo7B2,True,7,3
ZrCo8B,True,6,3
ZrCo8Mo,True,7,3
ZrCo8Ni,True,7,3
ZrCo8W,True,6,3
ZrCo9,True,5,2
ZrCr2Co7,True,8,3
ZrCr2Fe7,True,8,3
ZrCrCo8,True,7,3
ZrCrFe8,True,7,3
ZrCu,True,4,2
ZrCu19,False,6,2
ZrCu3,False,5,2
ZrCu3Ni,False,7,3
ZrCu4,False,5,2
ZrCuNi3,False,7,3
ZrFe14B5,True,8,3
ZrFe15B4,True,8,3
ZrFe16B3,True,8,3
ZrFe17B2,True,8,3
ZrFe18B,False,7,3
ZrFe2Co7,True,8,3
ZrFe40B9,True,8,3
ZrFe44B5,False,8,3
ZrFe45B4,False,8,3
ZrFe4Co5,True,8,3
ZrFe5Co4,True,8,3
ZrFe7B2,True,7,3
ZrFe7Co2,True,8,3
ZrFe8B,True,6,3
ZrFe8Co,True,7,3
ZrFe9,True,5,2
ZrFeCo8,True,7,3
ZrMn8Co,True,7,3
ZrMn9,True,5,2
ZrNb15Si4,True,9,3
ZrNb3Si,True,7,3
ZrNb79Si20,True,10,3
ZrNb7Si2,True,8,3
ZrNbCo8,True,7,3
ZrNi,True,4,2
ZrNi9,True,5,2
ZrTi16Si3,True,9,3
ZrTi2Si7,True,8,3
ZrTi3Si16,True,9,3
ZrTi4Si15,True,9,3
ZrTi5Be4,True,8,3
ZrTi9,False,5,2
ZrTiSi2,True,7,3
ZrTiSi3,True,7,3
ZrVCo8,True,6,3
ZrVNi2,True,6,3
